academic_year,semester,school,jae_course_code,course_name,gender,intake
2013,S1,SCHOOL OF BUSINESS MANAGEMENT,C46,DIPLOMA IN FOOD & BEVERAGE BUSINESS,FEMALE,37
2013,S1,SCHOOL OF BUSINESS MANAGEMENT,C46,DIPLOMA IN FOOD & BEVERAGE BUSINESS,MALE,17
2013,S1,SCHOOL OF BUSINESS MANAGEMENT,C56,DIPLOMA IN FUND MANAGEMENT & ADMINISTRATION,FEMALE,34
2013,S1,SCHOOL OF BUSINESS MANAGEMENT,C56,DIPLOMA IN FUND MANAGEMENT & ADMINISTRATION,MALE,32
2013,S1,SCHOOL OF BUSINESS MANAGEMENT,C67,DIPLOMA IN HOSPITALITY & TOURISM MANAGEMENT,FEMALE,128
2013,S1,SCHOOL OF BUSINESS MANAGEMENT,C67,DIPLOMA IN HOSPITALITY & TOURISM MANAGEMENT,MALE,49
2013,S1,SCHOOL OF BUSINESS MANAGEMENT,C81,DIPLOMA IN SPORT & WELLNESS MANAGEMENT,FEMALE,22
2013,S1,SCHOOL OF BUSINESS MANAGEMENT,C81,DIPLOMA IN SPORT & WELLNESS MANAGEMENT,MALE,43
2013,S1,SCHOOL OF BUSINESS MANAGEMENT,C93,DIPLOMA IN MASS MEDIA MANAGEMENT,FEMALE,38
2013,S1,SCHOOL OF BUSINESS MANAGEMENT,C93,DIPLOMA IN MASS MEDIA MANAGEMENT,MALE,19
2013,S1,SCHOOL OF BUSINESS MANAGEMENT,C94,DIPLOMA IN BUSINESS MANAGEMENT,FEMALE,299
2013,S1,SCHOOL OF BUSINESS MANAGEMENT,C94,DIPLOMA IN BUSINESS MANAGEMENT,MALE,139
2013,S1,SCHOOL OF BUSINESS MANAGEMENT,C96,DIPLOMA IN BANKING & FINANCIAL SERVICES,FEMALE,67
2013,S1,SCHOOL OF BUSINESS MANAGEMENT,C96,DIPLOMA IN BANKING & FINANCIAL SERVICES,MALE,70
2013,S1,SCHOOL OF BUSINESS MANAGEMENT,C98,DIPLOMA IN ACCOUNTANCY & FINANCE,FEMALE,78
2013,S1,SCHOOL OF BUSINESS MANAGEMENT,C98,DIPLOMA IN ACCOUNTANCY & FINANCE,MALE,78
2013,S1,SCHOOL OF BUSINESS MANAGEMENT,C99,DIPLOMA IN MARKETING,FEMALE,49
2013,S1,SCHOOL OF BUSINESS MANAGEMENT,C99,DIPLOMA IN MARKETING,MALE,32
2013,S1,SCHOOL OF CHEMICAL & LIFE SCIENCES,C45,DIPLOMA IN MEDICINAL CHEMISTRY,FEMALE,38
2013,S1,SCHOOL OF CHEMICAL & LIFE SCIENCES,C45,DIPLOMA IN MEDICINAL CHEMISTRY,MALE,20
2013,S1,SCHOOL OF CHEMICAL & LIFE SCIENCES,C49,DIPLOMA IN BIOLOGICS & PROCESS TECHNOLOGY,FEMALE,34
2013,S1,SCHOOL OF CHEMICAL & LIFE SCIENCES,C49,DIPLOMA IN BIOLOGICS & PROCESS TECHNOLOGY,MALE,18
2013,S1,SCHOOL OF CHEMICAL & LIFE SCIENCES,C55,DIPLOMA IN CHEMICAL & GREEN TECHNOLOGY,FEMALE,20
2013,S1,SCHOOL OF CHEMICAL & LIFE SCIENCES,C55,DIPLOMA IN CHEMICAL & GREEN TECHNOLOGY,MALE,26
2013,S1,SCHOOL OF CHEMICAL & LIFE SCIENCES,C65,DIPLOMA IN PHARMACEUTICAL SCIENCES,FEMALE,64
2013,S1,SCHOOL OF CHEMICAL & LIFE SCIENCES,C65,DIPLOMA IN PHARMACEUTICAL SCIENCES,MALE,22
2013,S1,SCHOOL OF CHEMICAL & LIFE SCIENCES,C69,DIPLOMA IN FOOD SCIENCE & NUTRITION,FEMALE,81
2013,S1,SCHOOL OF CHEMICAL & LIFE SCIENCES,C69,DIPLOMA IN FOOD SCIENCE & NUTRITION,MALE,12
2013,S1,SCHOOL OF CHEMICAL & LIFE SCIENCES,C73,DIPLOMA IN CHEMICAL & PHARMACEUTICAL TECHNOLOGY,FEMALE,84
2013,S1,SCHOOL OF CHEMICAL & LIFE SCIENCES,C73,DIPLOMA IN CHEMICAL & PHARMACEUTICAL TECHNOLOGY,MALE,66
2013,S1,SCHOOL OF CHEMICAL & LIFE SCIENCES,C74,DIPLOMA IN MOLECULAR BIOTECHNOLOGY,FEMALE,42
2013,S1,SCHOOL OF CHEMICAL & LIFE SCIENCES,C74,DIPLOMA IN MOLECULAR BIOTECHNOLOGY,MALE,30
2013,S1,SCHOOL OF DESIGN,C63,DIPLOMA IN VISUAL COMMUNICATION,FEMALE,52
2013,S1,SCHOOL OF DESIGN,C63,DIPLOMA IN VISUAL COMMUNICATION,MALE,17
2013,S1,SCHOOL OF DESIGN,C64,DIPLOMA IN SPACE & INTERIOR DESIGN,FEMALE,55
2013,S1,SCHOOL OF DESIGN,C64,DIPLOMA IN SPACE & INTERIOR DESIGN,MALE,20
2013,S1,SCHOOL OF DESIGN,C83,DIPLOMA IN INDUSTRIAL DESIGN,FEMALE,35
2013,S1,SCHOOL OF DESIGN,C83,DIPLOMA IN INDUSTRIAL DESIGN,MALE,27
2013,S1,SCHOOL OF ENGINEERING,C42,COMMON ENGINEERING PROGRAMME,FEMALE,67
2013,S1,SCHOOL OF ENGINEERING,C42,COMMON ENGINEERING PROGRAMME,MALE,219
2013,S1,SCHOOL OF ENGINEERING,C48,DIPLOMA IN ELECTRICAL ENGINEERING WITH ECO-DESIGN,FEMALE,14
2013,S1,SCHOOL OF ENGINEERING,C48,DIPLOMA IN ELECTRICAL ENGINEERING WITH ECO-DESIGN,MALE,30
2013,S1,SCHOOL OF ENGINEERING,C50,DIPLOMA IN NANOTECHNOLOGY & MATERIALS SCIENCE,FEMALE,3
2013,S1,SCHOOL OF ENGINEERING,C50,DIPLOMA IN NANOTECHNOLOGY & MATERIALS SCIENCE,MALE,20
2013,S1,SCHOOL OF ENGINEERING,C51,DIPLOMA IN AERONAUTICAL & AEROSPACE TECHNOLOGY,FEMALE,2
2013,S1,SCHOOL OF ENGINEERING,C51,DIPLOMA IN AERONAUTICAL & AEROSPACE TECHNOLOGY,MALE,55
2013,S1,SCHOOL OF ENGINEERING,C52,DIPLOMA IN AEROSPACE SYSTEMS AND MANAGEMENT,FEMALE,9
2013,S1,SCHOOL OF ENGINEERING,C52,DIPLOMA IN AEROSPACE SYSTEMS AND MANAGEMENT,MALE,36
2013,S1,SCHOOL OF ENGINEERING,C53,DIPLOMA IN TELEMATICS AND MEDIA TECHNOLOGY,FEMALE,11
2013,S1,SCHOOL OF ENGINEERING,C53,DIPLOMA IN TELEMATICS AND MEDIA TECHNOLOGY,MALE,9
2013,S1,SCHOOL OF ENGINEERING,C62,DIPLOMA IN DIGITAL & PRECISION ENGINEERING,FEMALE,33
2013,S1,SCHOOL OF ENGINEERING,C62,DIPLOMA IN DIGITAL & PRECISION ENGINEERING,MALE,98
2013,S1,SCHOOL OF ENGINEERING,C71,DIPLOMA IN BIOMEDICAL ENGINEERING,FEMALE,20
2013,S1,SCHOOL OF ENGINEERING,C71,DIPLOMA IN BIOMEDICAL ENGINEERING,MALE,30
2013,S1,SCHOOL OF ENGINEERING,C75,DIPLOMA IN MULTIMEDIA & INFOCOMM TECHNOLOGY,FEMALE,81
2013,S1,SCHOOL OF ENGINEERING,C75,DIPLOMA IN MULTIMEDIA & INFOCOMM TECHNOLOGY,MALE,121
2013,S1,SCHOOL OF ENGINEERING,C87,DIPLOMA IN MECHATRONICS ENGINEERING,FEMALE,25
2013,S1,SCHOOL OF ENGINEERING,C87,DIPLOMA IN MECHATRONICS ENGINEERING,MALE,159
2013,S1,SCHOOL OF ENGINEERING,C88,DIPLOMA IN MANUFACTURING ENGINEERING,FEMALE,16
2013,S1,SCHOOL OF ENGINEERING,C88,DIPLOMA IN MANUFACTURING ENGINEERING,MALE,98
2013,S1,SCHOOL OF ENGINEERING,C89,"DIPLOMA IN ELECTRONICS, COMPUTER & COMMUNICATIONS ENGINEERING",FEMALE,86
2013,S1,SCHOOL OF ENGINEERING,C89,"DIPLOMA IN ELECTRONICS, COMPUTER & COMMUNICATIONS ENGINEERING",MALE,271
2013,S1,SCHOOL OF HEALTH & SOCIAL SCIENCES,C47,DIPLOMA IN SOCIAL SCIENCES (SOCIAL WORK),FEMALE,41
2013,S1,SCHOOL OF HEALTH & SOCIAL SCIENCES,C47,DIPLOMA IN SOCIAL SCIENCES (SOCIAL WORK),MALE,11
2013,S1,SCHOOL OF HEALTH & SOCIAL SCIENCES,C72,DIPLOMA IN DENTAL HYGIENE AND THERAPY,FEMALE,20
2013,S1,SCHOOL OF HEALTH & SOCIAL SCIENCES,C72,DIPLOMA IN DENTAL HYGIENE AND THERAPY,MALE,6
2013,S1,SCHOOL OF HEALTH & SOCIAL SCIENCES,C97,DIPLOMA IN NURSING,FEMALE,558
2013,S1,SCHOOL OF HEALTH & SOCIAL SCIENCES,C97,DIPLOMA IN NURSING,MALE,102
2013,S1,SCHOOL OF INFORMATION TECHNOLOGY,C43,DIPLOMA IN BUSINESS INTELLIGENCE & ANALYTICS,FEMALE,35
2013,S1,SCHOOL OF INFORMATION TECHNOLOGY,C43,DIPLOMA IN BUSINESS INTELLIGENCE & ANALYTICS,MALE,28
2013,S1,SCHOOL OF INFORMATION TECHNOLOGY,C54,DIPLOMA IN INFORMATION SECURITY,FEMALE,21
2013,S1,SCHOOL OF INFORMATION TECHNOLOGY,C54,DIPLOMA IN INFORMATION SECURITY,MALE,48
2013,S1,SCHOOL OF INFORMATION TECHNOLOGY,C58,DIPLOMA IN FINANCIAL INFORMATICS,FEMALE,39
2013,S1,SCHOOL OF INFORMATION TECHNOLOGY,C58,DIPLOMA IN FINANCIAL INFORMATICS,MALE,36
2013,S1,SCHOOL OF INFORMATION TECHNOLOGY,C68,DIPLOMA IN BUSINESS ENTERPRISE IT,FEMALE,36
2013,S1,SCHOOL OF INFORMATION TECHNOLOGY,C68,DIPLOMA IN BUSINESS ENTERPRISE IT,MALE,24
2013,S1,SCHOOL OF INFORMATION TECHNOLOGY,C78,DIPLOMA IN BUSINESS INFORMATICS,FEMALE,82
2013,S1,SCHOOL OF INFORMATION TECHNOLOGY,C78,DIPLOMA IN BUSINESS INFORMATICS,MALE,78
2013,S1,SCHOOL OF INFORMATION TECHNOLOGY,C80,DIPLOMA IN ENGINEERING INFORMATICS,FEMALE,52
2013,S1,SCHOOL OF INFORMATION TECHNOLOGY,C80,DIPLOMA IN ENGINEERING INFORMATICS,MALE,108
2013,S1,SCHOOL OF INFORMATION TECHNOLOGY,C85,DIPLOMA IN INFORMATION TECHNOLOGY,FEMALE,40
2013,S1,SCHOOL OF INFORMATION TECHNOLOGY,C85,DIPLOMA IN INFORMATION TECHNOLOGY,MALE,92
2013,S1,SCHOOL OF INTERACTIVE AND DIGITAL MEDIA,C57,DIPLOMA IN DIGITAL VISUAL EFFECTS,FEMALE,16
2013,S1,SCHOOL OF INTERACTIVE AND DIGITAL MEDIA,C57,DIPLOMA IN DIGITAL VISUAL EFFECTS,MALE,26
2013,S1,SCHOOL OF INTERACTIVE AND DIGITAL MEDIA,C59,DIPLOMA IN DIGITAL MEDIA DESIGN (INTERACTION DESIGN),FEMALE,46
2013,S1,SCHOOL OF INTERACTIVE AND DIGITAL MEDIA,C59,DIPLOMA IN DIGITAL MEDIA DESIGN (INTERACTION DESIGN),MALE,26
2013,S1,SCHOOL OF INTERACTIVE AND DIGITAL MEDIA,C60,DIPLOMA IN DIGITAL MEDIA DESIGN (GAMES),FEMALE,26
2013,S1,SCHOOL OF INTERACTIVE AND DIGITAL MEDIA,C60,DIPLOMA IN DIGITAL MEDIA DESIGN (GAMES),MALE,56
2013,S1,SCHOOL OF INTERACTIVE AND DIGITAL MEDIA,C61,DIPLOMA IN DIGITAL MEDIA DESIGN (ANIMATION),FEMALE,63
2013,S1,SCHOOL OF INTERACTIVE AND DIGITAL MEDIA,C61,DIPLOMA IN DIGITAL MEDIA DESIGN (ANIMATION),MALE,41
2013,S1,SCHOOL OF INTERACTIVE AND DIGITAL MEDIA,C66,DIPLOMA IN MOTION GRAPHICS & BROADCAST DESIGN,FEMALE,28
2013,S1,SCHOOL OF INTERACTIVE AND DIGITAL MEDIA,C66,DIPLOMA IN MOTION GRAPHICS & BROADCAST DESIGN,MALE,13
2013,S1,SCHOOL OF INTERACTIVE AND DIGITAL MEDIA,C70,DIPLOMA IN DIGITAL ENTERTAINMENT TECHNOLOGY (GAMES),FEMALE,8
2013,S1,SCHOOL OF INTERACTIVE AND DIGITAL MEDIA,C70,DIPLOMA IN DIGITAL ENTERTAINMENT TECHNOLOGY (GAMES),MALE,69
2014,S1,SCHOOL OF BUSINESS MANAGEMENT,C46,DIPLOMA IN FOOD & BEVERAGE BUSINESS,FEMALE,38
2014,S1,SCHOOL OF BUSINESS MANAGEMENT,C46,DIPLOMA IN FOOD & BEVERAGE BUSINESS,MALE,28
2014,S1,SCHOOL OF BUSINESS MANAGEMENT,C56,DIPLOMA IN FUND MANAGEMENT & ADMINISTRATION,FEMALE,37
2014,S1,SCHOOL OF BUSINESS MANAGEMENT,C56,DIPLOMA IN FUND MANAGEMENT & ADMINISTRATION,MALE,27
2014,S1,SCHOOL OF BUSINESS MANAGEMENT,C67,DIPLOMA IN HOSPITALITY & TOURISM MANAGEMENT,FEMALE,141
2014,S1,SCHOOL OF BUSINESS MANAGEMENT,C67,DIPLOMA IN HOSPITALITY & TOURISM MANAGEMENT,MALE,40
2014,S1,SCHOOL OF BUSINESS MANAGEMENT,C81,DIPLOMA IN SPORT & WELLNESS MANAGEMENT,FEMALE,26
2014,S1,SCHOOL OF BUSINESS MANAGEMENT,C81,DIPLOMA IN SPORT & WELLNESS MANAGEMENT,MALE,34
2014,S1,SCHOOL OF BUSINESS MANAGEMENT,C93,DIPLOMA IN MASS MEDIA MANAGEMENT,FEMALE,47
2014,S1,SCHOOL OF BUSINESS MANAGEMENT,C93,DIPLOMA IN MASS MEDIA MANAGEMENT,MALE,13
2014,S1,SCHOOL OF BUSINESS MANAGEMENT,C94,DIPLOMA IN BUSINESS MANAGEMENT,FEMALE,271
2014,S1,SCHOOL OF BUSINESS MANAGEMENT,C94,DIPLOMA IN BUSINESS MANAGEMENT,MALE,135
2014,S1,SCHOOL OF BUSINESS MANAGEMENT,C96,DIPLOMA IN BANKING & FINANCIAL SERVICES,FEMALE,63
2014,S1,SCHOOL OF BUSINESS MANAGEMENT,C96,DIPLOMA IN BANKING & FINANCIAL SERVICES,MALE,72
2014,S1,SCHOOL OF BUSINESS MANAGEMENT,C98,DIPLOMA IN ACCOUNTANCY & FINANCE,FEMALE,89
2014,S1,SCHOOL OF BUSINESS MANAGEMENT,C98,DIPLOMA IN ACCOUNTANCY & FINANCE,MALE,75
2014,S1,SCHOOL OF BUSINESS MANAGEMENT,C99,DIPLOMA IN MARKETING,FEMALE,49
2014,S1,SCHOOL OF BUSINESS MANAGEMENT,C99,DIPLOMA IN MARKETING,MALE,33
2014,S1,SCHOOL OF CHEMICAL & LIFE SCIENCES,C45,DIPLOMA IN MEDICINAL CHEMISTRY,FEMALE,37
2014,S1,SCHOOL OF CHEMICAL & LIFE SCIENCES,C45,DIPLOMA IN MEDICINAL CHEMISTRY,MALE,21
2014,S1,SCHOOL OF CHEMICAL & LIFE SCIENCES,C49,DIPLOMA IN BIOLOGICS & PROCESS TECHNOLOGY,FEMALE,25
2014,S1,SCHOOL OF CHEMICAL & LIFE SCIENCES,C49,DIPLOMA IN BIOLOGICS & PROCESS TECHNOLOGY,MALE,27
2014,S1,SCHOOL OF CHEMICAL & LIFE SCIENCES,C55,DIPLOMA IN CHEMICAL & GREEN TECHNOLOGY,FEMALE,22
2014,S1,SCHOOL OF CHEMICAL & LIFE SCIENCES,C55,DIPLOMA IN CHEMICAL & GREEN TECHNOLOGY,MALE,27
2014,S1,SCHOOL OF CHEMICAL & LIFE SCIENCES,C65,DIPLOMA IN PHARMACEUTICAL SCIENCES,FEMALE,56
2014,S1,SCHOOL OF CHEMICAL & LIFE SCIENCES,C65,DIPLOMA IN PHARMACEUTICAL SCIENCES,MALE,27
2014,S1,SCHOOL OF CHEMICAL & LIFE SCIENCES,C69,DIPLOMA IN FOOD SCIENCE & NUTRITION,FEMALE,68
2014,S1,SCHOOL OF CHEMICAL & LIFE SCIENCES,C69,DIPLOMA IN FOOD SCIENCE & NUTRITION,MALE,12
2014,S1,SCHOOL OF CHEMICAL & LIFE SCIENCES,C73,DIPLOMA IN CHEMICAL & PHARMACEUTICAL TECHNOLOGY,FEMALE,71
2014,S1,SCHOOL OF CHEMICAL & LIFE SCIENCES,C73,DIPLOMA IN CHEMICAL & PHARMACEUTICAL TECHNOLOGY,MALE,70
2014,S1,SCHOOL OF CHEMICAL & LIFE SCIENCES,C74,DIPLOMA IN MOLECULAR BIOTECHNOLOGY,FEMALE,39
2014,S1,SCHOOL OF CHEMICAL & LIFE SCIENCES,C74,DIPLOMA IN MOLECULAR BIOTECHNOLOGY,MALE,36
2014,S1,SCHOOL OF DESIGN,C63,DIPLOMA IN VISUAL COMMUNICATION,FEMALE,57
2014,S1,SCHOOL OF DESIGN,C63,DIPLOMA IN VISUAL COMMUNICATION,MALE,10
2014,S1,SCHOOL OF DESIGN,C64,DIPLOMA IN SPACE & INTERIOR DESIGN,FEMALE,51
2014,S1,SCHOOL OF DESIGN,C64,DIPLOMA IN SPACE & INTERIOR DESIGN,MALE,26
2014,S1,SCHOOL OF DESIGN,C83,DIPLOMA IN INDUSTRIAL DESIGN,FEMALE,24
2014,S1,SCHOOL OF DESIGN,C83,DIPLOMA IN INDUSTRIAL DESIGN,MALE,30
2014,S1,SCHOOL OF ENGINEERING,C41,DIPLOMA IN ENGINEERING WITH BUSINESS,FEMALE,27
2014,S1,SCHOOL OF ENGINEERING,C41,DIPLOMA IN ENGINEERING WITH BUSINESS,MALE,52
2014,S1,SCHOOL OF ENGINEERING,C42,COMMON ENGINEERING PROGRAMME,FEMALE,100
2014,S1,SCHOOL OF ENGINEERING,C42,COMMON ENGINEERING PROGRAMME,MALE,221
2014,S1,SCHOOL OF ENGINEERING,C48,DIPLOMA IN ELECTRICAL ENGINEERING WITH ECO-DESIGN,FEMALE,19
2014,S1,SCHOOL OF ENGINEERING,C48,DIPLOMA IN ELECTRICAL ENGINEERING WITH ECO-DESIGN,MALE,43
2014,S1,SCHOOL OF ENGINEERING,C50,DIPLOMA IN NANOTECHNOLOGY & MATERIALS SCIENCE,FEMALE,6
2014,S1,SCHOOL OF ENGINEERING,C50,DIPLOMA IN NANOTECHNOLOGY & MATERIALS SCIENCE,MALE,24
2014,S1,SCHOOL OF ENGINEERING,C51,DIPLOMA IN AERONAUTICAL & AEROSPACE TECHNOLOGY,FEMALE,10
2014,S1,SCHOOL OF ENGINEERING,C51,DIPLOMA IN AERONAUTICAL & AEROSPACE TECHNOLOGY,MALE,69
2014,S1,SCHOOL OF ENGINEERING,C52,DIPLOMA IN AEROSPACE SYSTEMS & MANAGEMENT,FEMALE,18
2014,S1,SCHOOL OF ENGINEERING,C52,DIPLOMA IN AEROSPACE SYSTEMS & MANAGEMENT,MALE,33
2014,S1,SCHOOL OF ENGINEERING,C53,DIPLOMA IN TELEMATICS & MEDIA TECHNOLOGY,FEMALE,8
2014,S1,SCHOOL OF ENGINEERING,C53,DIPLOMA IN TELEMATICS & MEDIA TECHNOLOGY,MALE,10
2014,S1,SCHOOL OF ENGINEERING,C62,DIPLOMA IN DIGITAL & PRECISION ENGINEERING,FEMALE,38
2014,S1,SCHOOL OF ENGINEERING,C62,DIPLOMA IN DIGITAL & PRECISION ENGINEERING,MALE,85
2014,S1,SCHOOL OF ENGINEERING,C71,DIPLOMA IN BIOMEDICAL ENGINEERING,FEMALE,40
2014,S1,SCHOOL OF ENGINEERING,C71,DIPLOMA IN BIOMEDICAL ENGINEERING,MALE,39
2014,S1,SCHOOL OF ENGINEERING,C75,DIPLOMA IN MULTIMEDIA & INFOCOMM TECHNOLOGY,FEMALE,78
2014,S1,SCHOOL OF ENGINEERING,C75,DIPLOMA IN MULTIMEDIA & INFOCOMM TECHNOLOGY,MALE,163
2014,S1,SCHOOL OF ENGINEERING,C87,DIPLOMA IN MECHATRONICS ENGINEERING,FEMALE,26
2014,S1,SCHOOL OF ENGINEERING,C87,DIPLOMA IN MECHATRONICS ENGINEERING,MALE,151
2014,S1,SCHOOL OF ENGINEERING,C89,"DIPLOMA IN ELECTRONICS, COMPUTER & COMMUNICATIONS ENGINEERING",FEMALE,44
2014,S1,SCHOOL OF ENGINEERING,C89,"DIPLOMA IN ELECTRONICS, COMPUTER & COMMUNICATIONS ENGINEERING",MALE,145
2014,S1,SCHOOL OF HEALTH & SOCIAL SCIENCES,C47,DIPLOMA IN SOCIAL SCIENCES (SOCIAL WORK),FEMALE,37
2014,S1,SCHOOL OF HEALTH & SOCIAL SCIENCES,C47,DIPLOMA IN SOCIAL SCIENCES (SOCIAL WORK),MALE,16
2014,S1,SCHOOL OF HEALTH & SOCIAL SCIENCES,C72,DIPLOMA IN DENTAL HYGIENE AND THERAPY,FEMALE,20
2014,S1,SCHOOL OF HEALTH & SOCIAL SCIENCES,C72,DIPLOMA IN DENTAL HYGIENE AND THERAPY,MALE,4
2014,S1,SCHOOL OF HEALTH & SOCIAL SCIENCES,C97,DIPLOMA IN NURSING,FEMALE,501
2014,S1,SCHOOL OF HEALTH & SOCIAL SCIENCES,C97,DIPLOMA IN NURSING,MALE,113
2014,S1,SCHOOL OF INFORMATION TECHNOLOGY,C43,DIPLOMA IN BUSINESS INTELLIGENCE & ANALYTICS,FEMALE,33
2014,S1,SCHOOL OF INFORMATION TECHNOLOGY,C43,DIPLOMA IN BUSINESS INTELLIGENCE & ANALYTICS,MALE,28
2014,S1,SCHOOL OF INFORMATION TECHNOLOGY,C54,DIPLOMA IN INFORMATION SECURITY,FEMALE,13
2014,S1,SCHOOL OF INFORMATION TECHNOLOGY,C54,DIPLOMA IN INFORMATION SECURITY,MALE,51
2014,S1,SCHOOL OF INFORMATION TECHNOLOGY,C58,DIPLOMA IN FINANCIAL INFORMATICS,FEMALE,34
2014,S1,SCHOOL OF INFORMATION TECHNOLOGY,C58,DIPLOMA IN FINANCIAL INFORMATICS,MALE,28
2014,S1,SCHOOL OF INFORMATION TECHNOLOGY,C68,DIPLOMA IN BUSINESS ENTERPRISE IT,FEMALE,23
2014,S1,SCHOOL OF INFORMATION TECHNOLOGY,C68,DIPLOMA IN BUSINESS ENTERPRISE IT,MALE,35
2014,S1,SCHOOL OF INFORMATION TECHNOLOGY,C78,DIPLOMA IN BUSINESS INFORMATICS,FEMALE,68
2014,S1,SCHOOL OF INFORMATION TECHNOLOGY,C78,DIPLOMA IN BUSINESS INFORMATICS,MALE,65
2014,S1,SCHOOL OF INFORMATION TECHNOLOGY,C80,DIPLOMA IN ENGINEERING INFORMATICS,FEMALE,43
2014,S1,SCHOOL OF INFORMATION TECHNOLOGY,C80,DIPLOMA IN ENGINEERING INFORMATICS,MALE,85
2014,S1,SCHOOL OF INFORMATION TECHNOLOGY,C85,DIPLOMA IN INFORMATION TECHNOLOGY,FEMALE,33
2014,S1,SCHOOL OF INFORMATION TECHNOLOGY,C85,DIPLOMA IN INFORMATION TECHNOLOGY,MALE,110
2014,S1,SCHOOL OF INTERACTIVE AND DIGITAL MEDIA,C57,DIPLOMA IN DIGITAL VISUAL EFFECTS,FEMALE,11
2014,S1,SCHOOL OF INTERACTIVE AND DIGITAL MEDIA,C57,DIPLOMA IN DIGITAL VISUAL EFFECTS,MALE,31
2014,S1,SCHOOL OF INTERACTIVE AND DIGITAL MEDIA,C59,DIPLOMA IN INTERACTION DESIGN,FEMALE,38
2014,S1,SCHOOL OF INTERACTIVE AND DIGITAL MEDIA,C59,DIPLOMA IN INTERACTION DESIGN,MALE,26
2014,S1,SCHOOL OF INTERACTIVE AND DIGITAL MEDIA,C60,DIPLOMA IN DIGITAL GAME ART & DESIGN,FEMALE,38
2014,S1,SCHOOL OF INTERACTIVE AND DIGITAL MEDIA,C60,DIPLOMA IN DIGITAL GAME ART & DESIGN,MALE,45
2014,S1,SCHOOL OF INTERACTIVE AND DIGITAL MEDIA,C61,DIPLOMA IN ANIMATION,FEMALE,53
2014,S1,SCHOOL OF INTERACTIVE AND DIGITAL MEDIA,C61,DIPLOMA IN ANIMATION,MALE,47
2014,S1,SCHOOL OF INTERACTIVE AND DIGITAL MEDIA,C66,DIPLOMA IN MOTION GRAPHICS & BROADCAST DESIGN,FEMALE,25
2014,S1,SCHOOL OF INTERACTIVE AND DIGITAL MEDIA,C66,DIPLOMA IN MOTION GRAPHICS & BROADCAST DESIGN,MALE,11
2014,S1,SCHOOL OF INTERACTIVE AND DIGITAL MEDIA,C70,DIPLOMA IN GAME DEVELOPMENT & TECHNOLOGY,FEMALE,6
2014,S1,SCHOOL OF INTERACTIVE AND DIGITAL MEDIA,C70,DIPLOMA IN GAME DEVELOPMENT & TECHNOLOGY,MALE,68
2015,S1,SCHOOL OF BUSINESS MANAGEMENT,C46,DIPLOMA IN FOOD & BEVERAGE BUSINESS,FEMALE,40
2015,S1,SCHOOL OF BUSINESS MANAGEMENT,C46,DIPLOMA IN FOOD & BEVERAGE BUSINESS,MALE,19
2015,S1,SCHOOL OF BUSINESS MANAGEMENT,C56,DIPLOMA IN FUND MANAGEMENT & ADMINISTRATION,FEMALE,27
2015,S1,SCHOOL OF BUSINESS MANAGEMENT,C56,DIPLOMA IN FUND MANAGEMENT & ADMINISTRATION,MALE,25
2015,S1,SCHOOL OF BUSINESS MANAGEMENT,C67,DIPLOMA IN HOSPITALITY & TOURISM MANAGEMENT,FEMALE,92
2015,S1,SCHOOL OF BUSINESS MANAGEMENT,C67,DIPLOMA IN HOSPITALITY & TOURISM MANAGEMENT,MALE,18
2015,S1,SCHOOL OF BUSINESS MANAGEMENT,C81,DIPLOMA IN SPORT & WELLNESS MANAGEMENT,FEMALE,18
2015,S1,SCHOOL OF BUSINESS MANAGEMENT,C81,DIPLOMA IN SPORT & WELLNESS MANAGEMENT,MALE,33
2015,S1,SCHOOL OF BUSINESS MANAGEMENT,C93,DIPLOMA IN MASS MEDIA MANAGEMENT,FEMALE,44
2015,S1,SCHOOL OF BUSINESS MANAGEMENT,C93,DIPLOMA IN MASS MEDIA MANAGEMENT,MALE,8
2015,S1,SCHOOL OF BUSINESS MANAGEMENT,C94,DIPLOMA IN BUSINESS MANAGEMENT,FEMALE,198
2015,S1,SCHOOL OF BUSINESS MANAGEMENT,C94,DIPLOMA IN BUSINESS MANAGEMENT,MALE,113
2015,S1,SCHOOL OF BUSINESS MANAGEMENT,C96,DIPLOMA IN BANKING & FINANCE,FEMALE,58
2015,S1,SCHOOL OF BUSINESS MANAGEMENT,C96,DIPLOMA IN BANKING & FINANCE,MALE,51
2015,S1,SCHOOL OF BUSINESS MANAGEMENT,C98,DIPLOMA IN ACCOUNTANCY & FINANCE,FEMALE,84
2015,S1,SCHOOL OF BUSINESS MANAGEMENT,C98,DIPLOMA IN ACCOUNTANCY & FINANCE,MALE,60
2015,S1,SCHOOL OF BUSINESS MANAGEMENT,C99,DIPLOMA IN MARKETING,FEMALE,41
2015,S1,SCHOOL OF BUSINESS MANAGEMENT,C99,DIPLOMA IN MARKETING,MALE,33
2015,S1,SCHOOL OF CHEMICAL & LIFE SCIENCES,C45,DIPLOMA IN MEDICINAL CHEMISTRY,FEMALE,27
2015,S1,SCHOOL OF CHEMICAL & LIFE SCIENCES,C45,DIPLOMA IN MEDICINAL CHEMISTRY,MALE,23
2015,S1,SCHOOL OF CHEMICAL & LIFE SCIENCES,C49,DIPLOMA IN BIOLOGICS & PROCESS TECHNOLOGY,FEMALE,28
2015,S1,SCHOOL OF CHEMICAL & LIFE SCIENCES,C49,DIPLOMA IN BIOLOGICS & PROCESS TECHNOLOGY,MALE,14
2015,S1,SCHOOL OF CHEMICAL & LIFE SCIENCES,C55,DIPLOMA IN CHEMICAL & GREEN TECHNOLOGY,FEMALE,14
2015,S1,SCHOOL OF CHEMICAL & LIFE SCIENCES,C55,DIPLOMA IN CHEMICAL & GREEN TECHNOLOGY,MALE,31
2015,S1,SCHOOL OF CHEMICAL & LIFE SCIENCES,C65,DIPLOMA IN PHARMACEUTICAL SCIENCES,FEMALE,45
2015,S1,SCHOOL OF CHEMICAL & LIFE SCIENCES,C65,DIPLOMA IN PHARMACEUTICAL SCIENCES,MALE,11
2015,S1,SCHOOL OF CHEMICAL & LIFE SCIENCES,C69,DIPLOMA IN FOOD SCIENCE & NUTRITION,FEMALE,54
2015,S1,SCHOOL OF CHEMICAL & LIFE SCIENCES,C69,DIPLOMA IN FOOD SCIENCE & NUTRITION,MALE,17
2015,S1,SCHOOL OF CHEMICAL & LIFE SCIENCES,C73,DIPLOMA IN CHEMICAL & PHARMACEUTICAL TECHNOLOGY,FEMALE,58
2015,S1,SCHOOL OF CHEMICAL & LIFE SCIENCES,C73,DIPLOMA IN CHEMICAL & PHARMACEUTICAL TECHNOLOGY,MALE,52
2015,S1,SCHOOL OF CHEMICAL & LIFE SCIENCES,C74,DIPLOMA IN MOLECULAR BIOTECHNOLOGY,FEMALE,37
2015,S1,SCHOOL OF CHEMICAL & LIFE SCIENCES,C74,DIPLOMA IN MOLECULAR BIOTECHNOLOGY,MALE,26
2015,S1,SCHOOL OF DESIGN,C63,DIPLOMA IN VISUAL COMMUNICATION,FEMALE,58
2015,S1,SCHOOL OF DESIGN,C63,DIPLOMA IN VISUAL COMMUNICATION,MALE,10
2015,S1,SCHOOL OF DESIGN,C64,DIPLOMA IN SPACE & INTERIOR DESIGN,FEMALE,43
2015,S1,SCHOOL OF DESIGN,C64,DIPLOMA IN SPACE & INTERIOR DESIGN,MALE,27
2015,S1,SCHOOL OF DESIGN,C83,DIPLOMA IN INDUSTRIAL DESIGN,FEMALE,21
2015,S1,SCHOOL OF DESIGN,C83,DIPLOMA IN INDUSTRIAL DESIGN,MALE,21
2015,S1,SCHOOL OF ENGINEERING,C40,AEROSPACE/MECHATRONICS PROGRAMME,FEMALE,40
2015,S1,SCHOOL OF ENGINEERING,C40,AEROSPACE/MECHATRONICS PROGRAMME,MALE,288
2015,S1,SCHOOL OF ENGINEERING,C41,DIPLOMA IN ENGINEERING WITH BUSINESS,FEMALE,30
2015,S1,SCHOOL OF ENGINEERING,C41,DIPLOMA IN ENGINEERING WITH BUSINESS,MALE,69
2015,S1,SCHOOL OF ENGINEERING,C42,COMMON ENGINEERING PROGRAMME,FEMALE,83
2015,S1,SCHOOL OF ENGINEERING,C42,COMMON ENGINEERING PROGRAMME,MALE,228
2015,S1,SCHOOL OF ENGINEERING,C48,DIPLOMA IN ELECTRICAL ENGINEERING WITH ECO-DESIGN,FEMALE,16
2015,S1,SCHOOL OF ENGINEERING,C48,DIPLOMA IN ELECTRICAL ENGINEERING WITH ECO-DESIGN,MALE,36
2015,S1,SCHOOL OF ENGINEERING,C50,DIPLOMA IN NANOTECHNOLOGY & MATERIALS SCIENCE,FEMALE,16
2015,S1,SCHOOL OF ENGINEERING,C50,DIPLOMA IN NANOTECHNOLOGY & MATERIALS SCIENCE,MALE,29
2015,S1,SCHOOL OF ENGINEERING,C51,DIPLOMA IN AERONAUTICAL & AEROSPACE TECHNOLOGY,FEMALE,3
2015,S1,SCHOOL OF ENGINEERING,C51,DIPLOMA IN AERONAUTICAL & AEROSPACE TECHNOLOGY,MALE,42
2015,S1,SCHOOL OF ENGINEERING,C52,DIPLOMA IN AEROSPACE SYSTEMS & MANAGEMENT,FEMALE,8
2015,S1,SCHOOL OF ENGINEERING,C52,DIPLOMA IN AEROSPACE SYSTEMS & MANAGEMENT,MALE,37
2015,S1,SCHOOL OF ENGINEERING,C53,DIPLOMA IN TELEMATICS & MEDIA TECHNOLOGY,FEMALE,9
2015,S1,SCHOOL OF ENGINEERING,C53,DIPLOMA IN TELEMATICS & MEDIA TECHNOLOGY,MALE,14
2015,S1,SCHOOL OF ENGINEERING,C62,DIPLOMA IN DIGITAL & PRECISION ENGINEERING,FEMALE,34
2015,S1,SCHOOL OF ENGINEERING,C62,DIPLOMA IN DIGITAL & PRECISION ENGINEERING,MALE,79
2015,S1,SCHOOL OF ENGINEERING,C71,DIPLOMA IN BIOMEDICAL ENGINEERING,FEMALE,39
2015,S1,SCHOOL OF ENGINEERING,C71,DIPLOMA IN BIOMEDICAL ENGINEERING,MALE,27
2015,S1,SCHOOL OF ENGINEERING,C75,DIPLOMA IN MULTIMEDIA & INFOCOMM TECHNOLOGY,FEMALE,79
2015,S1,SCHOOL OF ENGINEERING,C75,DIPLOMA IN MULTIMEDIA & INFOCOMM TECHNOLOGY,MALE,97
2015,S1,SCHOOL OF ENGINEERING,C87,DIPLOMA IN MECHATRONICS ENGINEERING,MALE,3
2015,S1,SCHOOL OF ENGINEERING,C89,"DIPLOMA IN ELECTRONICS, COMPUTER & COMMUNICATIONS ENGINEERING",FEMALE,45
2015,S1,SCHOOL OF ENGINEERING,C89,"DIPLOMA IN ELECTRONICS, COMPUTER & COMMUNICATIONS ENGINEERING",MALE,94
2015,S1,SCHOOL OF HEALTH & SOCIAL SCIENCES,C47,DIPLOMA IN SOCIAL SCIENCES (SOCIAL WORK),FEMALE,38
2015,S1,SCHOOL OF HEALTH & SOCIAL SCIENCES,C47,DIPLOMA IN SOCIAL SCIENCES (SOCIAL WORK),MALE,12
2015,S1,SCHOOL OF HEALTH & SOCIAL SCIENCES,C72,DIPLOMA IN DENTAL HYGIENE AND THERAPY,FEMALE,22
2015,S1,SCHOOL OF HEALTH & SOCIAL SCIENCES,C72,DIPLOMA IN DENTAL HYGIENE AND THERAPY,MALE,2
2015,S1,SCHOOL OF HEALTH & SOCIAL SCIENCES,C97,DIPLOMA IN NURSING,FEMALE,608
2015,S1,SCHOOL OF HEALTH & SOCIAL SCIENCES,C97,DIPLOMA IN NURSING,MALE,123
2015,S1,SCHOOL OF INFORMATION TECHNOLOGY,C43,DIPLOMA IN BUSINESS INTELLIGENCE & ANALYTICS,FEMALE,17
2015,S1,SCHOOL OF INFORMATION TECHNOLOGY,C43,DIPLOMA IN BUSINESS INTELLIGENCE & ANALYTICS,MALE,22
2015,S1,SCHOOL OF INFORMATION TECHNOLOGY,C54,DIPLOMA IN CYBER SECURITY & FORENSICS,FEMALE,19
2015,S1,SCHOOL OF INFORMATION TECHNOLOGY,C54,DIPLOMA IN CYBER SECURITY & FORENSICS,MALE,43
2015,S1,SCHOOL OF INFORMATION TECHNOLOGY,C58,DIPLOMA IN FINANCIAL INFORMATICS,FEMALE,28
2015,S1,SCHOOL OF INFORMATION TECHNOLOGY,C58,DIPLOMA IN FINANCIAL INFORMATICS,MALE,25
2015,S1,SCHOOL OF INFORMATION TECHNOLOGY,C68,DIPLOMA IN BUSINESS ENTERPRISE IT,FEMALE,30
2015,S1,SCHOOL OF INFORMATION TECHNOLOGY,C68,DIPLOMA IN BUSINESS ENTERPRISE IT,MALE,34
2015,S1,SCHOOL OF INFORMATION TECHNOLOGY,C78,DIPLOMA IN BUSINESS INFORMATICS,FEMALE,42
2015,S1,SCHOOL OF INFORMATION TECHNOLOGY,C78,DIPLOMA IN BUSINESS INFORMATICS,MALE,49
2015,S1,SCHOOL OF INFORMATION TECHNOLOGY,C80,DIPLOMA IN ENGINEERING INFORMATICS,FEMALE,36
2015,S1,SCHOOL OF INFORMATION TECHNOLOGY,C80,DIPLOMA IN ENGINEERING INFORMATICS,MALE,81
2015,S1,SCHOOL OF INFORMATION TECHNOLOGY,C85,DIPLOMA IN INFORMATION TECHNOLOGY,FEMALE,26
2015,S1,SCHOOL OF INFORMATION TECHNOLOGY,C85,DIPLOMA IN INFORMATION TECHNOLOGY,MALE,92
2015,S1,SCHOOL OF INTERACTIVE AND DIGITAL MEDIA,C57,DIPLOMA IN DIGITAL VISUAL EFFECTS,FEMALE,19
2015,S1,SCHOOL OF INTERACTIVE AND DIGITAL MEDIA,C57,DIPLOMA IN DIGITAL VISUAL EFFECTS,MALE,25
2015,S1,SCHOOL OF INTERACTIVE AND DIGITAL MEDIA,C59,DIPLOMA IN INTERACTION DESIGN,FEMALE,42
2015,S1,SCHOOL OF INTERACTIVE AND DIGITAL MEDIA,C59,DIPLOMA IN INTERACTION DESIGN,MALE,23
2015,S1,SCHOOL OF INTERACTIVE AND DIGITAL MEDIA,C60,DIPLOMA IN DIGITAL GAME ART & DESIGN,FEMALE,29
2015,S1,SCHOOL OF INTERACTIVE AND DIGITAL MEDIA,C60,DIPLOMA IN DIGITAL GAME ART & DESIGN,MALE,43
2015,S1,SCHOOL OF INTERACTIVE AND DIGITAL MEDIA,C61,DIPLOMA IN ANIMATION,FEMALE,45
2015,S1,SCHOOL OF INTERACTIVE AND DIGITAL MEDIA,C61,DIPLOMA IN ANIMATION,MALE,32
2015,S1,SCHOOL OF INTERACTIVE AND DIGITAL MEDIA,C66,DIPLOMA IN MOTION GRAPHICS & BROADCAST DESIGN,FEMALE,26
2015,S1,SCHOOL OF INTERACTIVE AND DIGITAL MEDIA,C66,DIPLOMA IN MOTION GRAPHICS & BROADCAST DESIGN,MALE,11
2015,S1,SCHOOL OF INTERACTIVE AND DIGITAL MEDIA,C70,DIPLOMA IN GAME DEVELOPMENT & TECHNOLOGY,FEMALE,4
2015,S1,SCHOOL OF INTERACTIVE AND DIGITAL MEDIA,C70,DIPLOMA IN GAME DEVELOPMENT & TECHNOLOGY,MALE,70
2016,S1,SCHOOL OF BUSINESS MANAGEMENT,C46,DIPLOMA IN FOOD & BEVERAGE BUSINESS,FEMALE,37
2016,S1,SCHOOL OF BUSINESS MANAGEMENT,C46,DIPLOMA IN FOOD & BEVERAGE BUSINESS,MALE,22
2016,S1,SCHOOL OF BUSINESS MANAGEMENT,C56,DIPLOMA IN FUND MANAGEMENT & ADMINISTRATION,FEMALE,30
2016,S1,SCHOOL OF BUSINESS MANAGEMENT,C56,DIPLOMA IN FUND MANAGEMENT & ADMINISTRATION,MALE,22
2016,S1,SCHOOL OF BUSINESS MANAGEMENT,C67,DIPLOMA IN HOSPITALITY & TOURISM MANAGEMENT,FEMALE,82
2016,S1,SCHOOL OF BUSINESS MANAGEMENT,C67,DIPLOMA IN HOSPITALITY & TOURISM MANAGEMENT,MALE,32
2016,S1,SCHOOL OF BUSINESS MANAGEMENT,C81,DIPLOMA IN SPORT & WELLNESS MANAGEMENT,FEMALE,18
2016,S1,SCHOOL OF BUSINESS MANAGEMENT,C81,DIPLOMA IN SPORT & WELLNESS MANAGEMENT,MALE,30
2016,S1,SCHOOL OF BUSINESS MANAGEMENT,C93,DIPLOMA IN MASS MEDIA MANAGEMENT,FEMALE,43
2016,S1,SCHOOL OF BUSINESS MANAGEMENT,C93,DIPLOMA IN MASS MEDIA MANAGEMENT,MALE,12
2016,S1,SCHOOL OF BUSINESS MANAGEMENT,C94,DIPLOMA IN BUSINESS MANAGEMENT,FEMALE,197
2016,S1,SCHOOL OF BUSINESS MANAGEMENT,C94,DIPLOMA IN BUSINESS MANAGEMENT,MALE,124
2016,S1,SCHOOL OF BUSINESS MANAGEMENT,C96,DIPLOMA IN BANKING & FINANCE,FEMALE,56
2016,S1,SCHOOL OF BUSINESS MANAGEMENT,C96,DIPLOMA IN BANKING & FINANCE,MALE,64
2016,S1,SCHOOL OF BUSINESS MANAGEMENT,C98,DIPLOMA IN ACCOUNTANCY & FINANCE,FEMALE,83
2016,S1,SCHOOL OF BUSINESS MANAGEMENT,C98,DIPLOMA IN ACCOUNTANCY & FINANCE,MALE,60
2016,S1,SCHOOL OF BUSINESS MANAGEMENT,C99,DIPLOMA IN MARKETING,FEMALE,40
2016,S1,SCHOOL OF BUSINESS MANAGEMENT,C99,DIPLOMA IN MARKETING,MALE,25
2016,S1,SCHOOL OF CHEMICAL & LIFE SCIENCES,C45,DIPLOMA IN MEDICINAL CHEMISTRY,FEMALE,32
2016,S1,SCHOOL OF CHEMICAL & LIFE SCIENCES,C45,DIPLOMA IN MEDICINAL CHEMISTRY,MALE,12
2016,S1,SCHOOL OF CHEMICAL & LIFE SCIENCES,C49,DIPLOMA IN BIOLOGICS & PROCESS TECHNOLOGY,FEMALE,26
2016,S1,SCHOOL OF CHEMICAL & LIFE SCIENCES,C49,DIPLOMA IN BIOLOGICS & PROCESS TECHNOLOGY,MALE,20
2016,S1,SCHOOL OF CHEMICAL & LIFE SCIENCES,C55,DIPLOMA IN CHEMICAL & GREEN TECHNOLOGY,FEMALE,17
2016,S1,SCHOOL OF CHEMICAL & LIFE SCIENCES,C55,DIPLOMA IN CHEMICAL & GREEN TECHNOLOGY,MALE,23
2016,S1,SCHOOL OF CHEMICAL & LIFE SCIENCES,C65,DIPLOMA IN PHARMACEUTICAL SCIENCES,FEMALE,39
2016,S1,SCHOOL OF CHEMICAL & LIFE SCIENCES,C65,DIPLOMA IN PHARMACEUTICAL SCIENCES,MALE,20
2016,S1,SCHOOL OF CHEMICAL & LIFE SCIENCES,C69,DIPLOMA IN FOOD SCIENCE & NUTRITION,FEMALE,43
2016,S1,SCHOOL OF CHEMICAL & LIFE SCIENCES,C69,DIPLOMA IN FOOD SCIENCE & NUTRITION,MALE,12
2016,S1,SCHOOL OF CHEMICAL & LIFE SCIENCES,C73,DIPLOMA IN CHEMICAL & PHARMACEUTICAL TECHNOLOGY,FEMALE,51
2016,S1,SCHOOL OF CHEMICAL & LIFE SCIENCES,C73,DIPLOMA IN CHEMICAL & PHARMACEUTICAL TECHNOLOGY,MALE,56
2016,S1,SCHOOL OF CHEMICAL & LIFE SCIENCES,C74,DIPLOMA IN MOLECULAR BIOTECHNOLOGY,FEMALE,36
2016,S1,SCHOOL OF CHEMICAL & LIFE SCIENCES,C74,DIPLOMA IN MOLECULAR BIOTECHNOLOGY,MALE,25
2016,S1,SCHOOL OF DESIGN,C63,DIPLOMA IN VISUAL COMMUNICATION,FEMALE,50
2016,S1,SCHOOL OF DESIGN,C63,DIPLOMA IN VISUAL COMMUNICATION,MALE,18
2016,S1,SCHOOL OF DESIGN,C64,DIPLOMA IN SPATIAL DESIGN,FEMALE,47
2016,S1,SCHOOL OF DESIGN,C64,DIPLOMA IN SPATIAL DESIGN,MALE,30
2016,S1,SCHOOL OF DESIGN,C83,DIPLOMA IN INDUSTRIAL DESIGN,FEMALE,24
2016,S1,SCHOOL OF DESIGN,C83,DIPLOMA IN INDUSTRIAL DESIGN,MALE,22
2016,S1,SCHOOL OF ENGINEERING,C39,AEROSPACE / ELECTRICAL / ELECTRONICS PROGRAMME,FEMALE,19
2016,S1,SCHOOL OF ENGINEERING,C39,AEROSPACE / ELECTRICAL / ELECTRONICS PROGRAMME,MALE,77
2016,S1,SCHOOL OF ENGINEERING,C40,AEROSPACE / MECHATRONICS PROGRAMME,FEMALE,18
2016,S1,SCHOOL OF ENGINEERING,C40,AEROSPACE / MECHATRONICS PROGRAMME,MALE,192
2016,S1,SCHOOL OF ENGINEERING,C41,DIPLOMA IN ENGINEERING WITH BUSINESS,FEMALE,28
2016,S1,SCHOOL OF ENGINEERING,C41,DIPLOMA IN ENGINEERING WITH BUSINESS,MALE,61
2016,S1,SCHOOL OF ENGINEERING,C42,COMMON ENGINEERING PROGRAMME,FEMALE,75
2016,S1,SCHOOL OF ENGINEERING,C42,COMMON ENGINEERING PROGRAMME,MALE,242
2016,S1,SCHOOL OF ENGINEERING,C48,DIPLOMA IN ELECTRICAL ENGINEERING WITH ECO-DESIGN,FEMALE,14
2016,S1,SCHOOL OF ENGINEERING,C48,DIPLOMA IN ELECTRICAL ENGINEERING WITH ECO-DESIGN,MALE,50
2016,S1,SCHOOL OF ENGINEERING,C50,DIPLOMA IN NANOTECHNOLOGY & MATERIALS SCIENCE,FEMALE,8
2016,S1,SCHOOL OF ENGINEERING,C50,DIPLOMA IN NANOTECHNOLOGY & MATERIALS SCIENCE,MALE,35
2016,S1,SCHOOL OF ENGINEERING,C51,DIPLOMA IN AERONAUTICAL & AEROSPACE TECHNOLOGY,FEMALE,1
2016,S1,SCHOOL OF ENGINEERING,C51,DIPLOMA IN AERONAUTICAL & AEROSPACE TECHNOLOGY,MALE,44
2016,S1,SCHOOL OF ENGINEERING,C52,DIPLOMA IN AEROSPACE SYSTEMS & MANAGEMENT,FEMALE,14
2016,S1,SCHOOL OF ENGINEERING,C52,DIPLOMA IN AEROSPACE SYSTEMS & MANAGEMENT,MALE,29
2016,S1,SCHOOL OF ENGINEERING,C53,DIPLOMA IN TELEMATICS & MEDIA TECHNOLOGY,FEMALE,12
2016,S1,SCHOOL OF ENGINEERING,C53,DIPLOMA IN TELEMATICS & MEDIA TECHNOLOGY,MALE,9
2016,S1,SCHOOL OF ENGINEERING,C62,DIPLOMA IN DIGITAL & PRECISION ENGINEERING,FEMALE,17
2016,S1,SCHOOL OF ENGINEERING,C62,DIPLOMA IN DIGITAL & PRECISION ENGINEERING,MALE,71
2016,S1,SCHOOL OF ENGINEERING,C71,DIPLOMA IN BIOMEDICAL ENGINEERING,FEMALE,33
2016,S1,SCHOOL OF ENGINEERING,C71,DIPLOMA IN BIOMEDICAL ENGINEERING,MALE,33
2016,S1,SCHOOL OF ENGINEERING,C75,DIPLOMA IN MULTIMEDIA & INFOCOMM TECHNOLOGY,FEMALE,77
2016,S1,SCHOOL OF ENGINEERING,C75,DIPLOMA IN MULTIMEDIA & INFOCOMM TECHNOLOGY,MALE,131
2016,S1,SCHOOL OF ENGINEERING,C89,"DIPLOMA IN ""ELECTRONICS, COMPUTER & COMMUNICATIONS ENGINEERING""",FEMALE,29
2016,S1,SCHOOL OF ENGINEERING,C89,"DIPLOMA IN ""ELECTRONICS, COMPUTER & COMMUNICATIONS ENGINEERING""",MALE,114
2016,S1,SCHOOL OF HEALTH & SOCIAL SCIENCES,C47,DIPLOMA IN SOCIAL SCIENCES (SOCIAL WORK),FEMALE,58
2016,S1,SCHOOL OF HEALTH & SOCIAL SCIENCES,C47,DIPLOMA IN SOCIAL SCIENCES (SOCIAL WORK),MALE,14
2016,S1,SCHOOL OF HEALTH & SOCIAL SCIENCES,C72,DIPLOMA IN DENTAL HYGIENE & THERAPY,FEMALE,16
2016,S1,SCHOOL OF HEALTH & SOCIAL SCIENCES,C72,DIPLOMA IN DENTAL HYGIENE & THERAPY,MALE,4
2016,S1,SCHOOL OF HEALTH & SOCIAL SCIENCES,C97,DIPLOMA IN NURSING,FEMALE,641
2016,S1,SCHOOL OF HEALTH & SOCIAL SCIENCES,C97,DIPLOMA IN NURSING,MALE,107
2016,S1,SCHOOL OF INFORMATION TECHNOLOGY,C43,DIPLOMA IN BUSINESS INTELLIGENCE & ANALYTICS,FEMALE,15
2016,S1,SCHOOL OF INFORMATION TECHNOLOGY,C43,DIPLOMA IN BUSINESS INTELLIGENCE & ANALYTICS,MALE,21
2016,S1,SCHOOL OF INFORMATION TECHNOLOGY,C54,DIPLOMA IN CYBER SECURITY & FORENSICS,FEMALE,15
2016,S1,SCHOOL OF INFORMATION TECHNOLOGY,C54,DIPLOMA IN CYBER SECURITY & FORENSICS,MALE,47
2016,S1,SCHOOL OF INFORMATION TECHNOLOGY,C58,DIPLOMA IN FINANCIAL INFORMATICS,FEMALE,29
2016,S1,SCHOOL OF INFORMATION TECHNOLOGY,C58,DIPLOMA IN FINANCIAL INFORMATICS,MALE,32
2016,S1,SCHOOL OF INFORMATION TECHNOLOGY,C68,DIPLOMA IN BUSINESS ENTERPRISE IT,FEMALE,19
2016,S1,SCHOOL OF INFORMATION TECHNOLOGY,C68,DIPLOMA IN BUSINESS ENTERPRISE IT,MALE,21
2016,S1,SCHOOL OF INFORMATION TECHNOLOGY,C78,DIPLOMA IN BUSINESS INFORMATICS,FEMALE,46
2016,S1,SCHOOL OF INFORMATION TECHNOLOGY,C78,DIPLOMA IN BUSINESS INFORMATICS,MALE,44
2016,S1,SCHOOL OF INFORMATION TECHNOLOGY,C80,DIPLOMA IN ENGINEERING INFORMATICS,FEMALE,29
2016,S1,SCHOOL OF INFORMATION TECHNOLOGY,C80,DIPLOMA IN ENGINEERING INFORMATICS,MALE,77
2016,S1,SCHOOL OF INFORMATION TECHNOLOGY,C85,DIPLOMA IN INFORMATION TECHNOLOGY,FEMALE,39
2016,S1,SCHOOL OF INFORMATION TECHNOLOGY,C85,DIPLOMA IN INFORMATION TECHNOLOGY,MALE,88
2016,S1,SCHOOL OF INTERACTIVE AND DIGITAL MEDIA,C57,DIPLOMA IN DIGITAL VISUAL EFFECTS,FEMALE,17
2016,S1,SCHOOL OF INTERACTIVE AND DIGITAL MEDIA,C57,DIPLOMA IN DIGITAL VISUAL EFFECTS,MALE,20
2016,S1,SCHOOL OF INTERACTIVE AND DIGITAL MEDIA,C59,DIPLOMA IN INTERACTION DESIGN,FEMALE,32
2016,S1,SCHOOL OF INTERACTIVE AND DIGITAL MEDIA,C59,DIPLOMA IN INTERACTION DESIGN,MALE,32
2016,S1,SCHOOL OF INTERACTIVE AND DIGITAL MEDIA,C60,DIPLOMA IN DIGITAL GAME ART & DESIGN,FEMALE,38
2016,S1,SCHOOL OF INTERACTIVE AND DIGITAL MEDIA,C60,DIPLOMA IN DIGITAL GAME ART & DESIGN,MALE,37
2016,S1,SCHOOL OF INTERACTIVE AND DIGITAL MEDIA,C61,DIPLOMA IN ANIMATION,FEMALE,59
2016,S1,SCHOOL OF INTERACTIVE AND DIGITAL MEDIA,C61,DIPLOMA IN ANIMATION,MALE,34
2016,S1,SCHOOL OF INTERACTIVE AND DIGITAL MEDIA,C66,DIPLOMA IN MOTION GRAPHICS & BROADCAST DESIGN,FEMALE,29
2016,S1,SCHOOL OF INTERACTIVE AND DIGITAL MEDIA,C66,DIPLOMA IN MOTION GRAPHICS & BROADCAST DESIGN,MALE,13
2016,S1,SCHOOL OF INTERACTIVE AND DIGITAL MEDIA,C70,DIPLOMA IN GAME DEVELOPMENT & TECHNOLOGY,FEMALE,10
2016,S1,SCHOOL OF INTERACTIVE AND DIGITAL MEDIA,C70,DIPLOMA IN GAME DEVELOPMENT & TECHNOLOGY,MALE,69
2017,S1,SCHOOL OF BUSINESS MANAGEMENT,C46,DIPLOMA IN FOOD & BEVERAGE BUSINESS,FEMALE,38
2017,S1,SCHOOL OF BUSINESS MANAGEMENT,C46,DIPLOMA IN FOOD & BEVERAGE BUSINESS,MALE,27
2017,S1,SCHOOL OF BUSINESS MANAGEMENT,C56,DIPLOMA IN FUND MANAGEMENT & ADMINISTRATION,FEMALE,25
2017,S1,SCHOOL OF BUSINESS MANAGEMENT,C56,DIPLOMA IN FUND MANAGEMENT & ADMINISTRATION,MALE,21
2017,S1,SCHOOL OF BUSINESS MANAGEMENT,C67,DIPLOMA IN HOSPITALITY & TOURISM MANAGEMENT,FEMALE,92
2017,S1,SCHOOL OF BUSINESS MANAGEMENT,C67,DIPLOMA IN HOSPITALITY & TOURISM MANAGEMENT,MALE,34
2017,S1,SCHOOL OF BUSINESS MANAGEMENT,C81,DIPLOMA IN SPORT & WELLNESS MANAGEMENT,FEMALE,16
2017,S1,SCHOOL OF BUSINESS MANAGEMENT,C81,DIPLOMA IN SPORT & WELLNESS MANAGEMENT,MALE,38
2017,S1,SCHOOL OF BUSINESS MANAGEMENT,C93,DIPLOMA IN MASS MEDIA MANAGEMENT,FEMALE,40
2017,S1,SCHOOL OF BUSINESS MANAGEMENT,C93,DIPLOMA IN MASS MEDIA MANAGEMENT,MALE,15
2017,S1,SCHOOL OF BUSINESS MANAGEMENT,C94,DIPLOMA IN BUSINESS MANAGEMENT,FEMALE,197
2017,S1,SCHOOL OF BUSINESS MANAGEMENT,C94,DIPLOMA IN BUSINESS MANAGEMENT,MALE,135
2017,S1,SCHOOL OF BUSINESS MANAGEMENT,C96,DIPLOMA IN BANKING & FINANCE,FEMALE,72
2017,S1,SCHOOL OF BUSINESS MANAGEMENT,C96,DIPLOMA IN BANKING & FINANCE,MALE,49
2017,S1,SCHOOL OF BUSINESS MANAGEMENT,C98,DIPLOMA IN ACCOUNTANCY & FINANCE,FEMALE,94
2017,S1,SCHOOL OF BUSINESS MANAGEMENT,C98,DIPLOMA IN ACCOUNTANCY & FINANCE,MALE,58
2017,S1,SCHOOL OF BUSINESS MANAGEMENT,C99,DIPLOMA IN MARKETING,FEMALE,38
2017,S1,SCHOOL OF BUSINESS MANAGEMENT,C99,DIPLOMA IN MARKETING,MALE,28
2017,S1,SCHOOL OF CHEMICAL & LIFE SCIENCES,C45,DIPLOMA IN MEDICINAL CHEMISTRY,FEMALE,25
2017,S1,SCHOOL OF CHEMICAL & LIFE SCIENCES,C45,DIPLOMA IN MEDICINAL CHEMISTRY,MALE,23
2017,S1,SCHOOL OF CHEMICAL & LIFE SCIENCES,C49,DIPLOMA IN BIOLOGICS & PROCESS TECHNOLOGY,FEMALE,23
2017,S1,SCHOOL OF CHEMICAL & LIFE SCIENCES,C49,DIPLOMA IN BIOLOGICS & PROCESS TECHNOLOGY,MALE,21
2017,S1,SCHOOL OF CHEMICAL & LIFE SCIENCES,C55,DIPLOMA IN CHEMICAL & GREEN TECHNOLOGY,FEMALE,15
2017,S1,SCHOOL OF CHEMICAL & LIFE SCIENCES,C55,DIPLOMA IN CHEMICAL & GREEN TECHNOLOGY,MALE,24
2017,S1,SCHOOL OF CHEMICAL & LIFE SCIENCES,C65,DIPLOMA IN PHARMACEUTICAL SCIENCES,FEMALE,40
2017,S1,SCHOOL OF CHEMICAL & LIFE SCIENCES,C65,DIPLOMA IN PHARMACEUTICAL SCIENCES,MALE,20
2017,S1,SCHOOL OF CHEMICAL & LIFE SCIENCES,C69,DIPLOMA IN FOOD SCIENCE & NUTRITION,FEMALE,50
2017,S1,SCHOOL OF CHEMICAL & LIFE SCIENCES,C69,DIPLOMA IN FOOD SCIENCE & NUTRITION,MALE,6
2017,S1,SCHOOL OF CHEMICAL & LIFE SCIENCES,C73,DIPLOMA IN CHEMICAL & PHARMACEUTICAL TECHNOLOGY,FEMALE,39
2017,S1,SCHOOL OF CHEMICAL & LIFE SCIENCES,C73,DIPLOMA IN CHEMICAL & PHARMACEUTICAL TECHNOLOGY,MALE,56
2017,S1,SCHOOL OF CHEMICAL & LIFE SCIENCES,C74,DIPLOMA IN MOLECULAR BIOTECHNOLOGY,FEMALE,32
2017,S1,SCHOOL OF CHEMICAL & LIFE SCIENCES,C74,DIPLOMA IN MOLECULAR BIOTECHNOLOGY,MALE,26
2017,S1,SCHOOL OF DESIGN,C38,DIPLOMA IN SUSTAINABLE ARCHITECTURAL DESIGN,FEMALE,29
2017,S1,SCHOOL OF DESIGN,C38,DIPLOMA IN SUSTAINABLE ARCHITECTURAL DESIGN,MALE,27
2017,S1,SCHOOL OF DESIGN,C63,DIPLOMA IN VISUAL COMMUNICATION,FEMALE,68
2017,S1,SCHOOL OF DESIGN,C63,DIPLOMA IN VISUAL COMMUNICATION,MALE,13
2017,S1,SCHOOL OF DESIGN,C64,DIPLOMA IN SPATIAL DESIGN,FEMALE,54
2017,S1,SCHOOL OF DESIGN,C64,DIPLOMA IN SPATIAL DESIGN,MALE,25
2017,S1,SCHOOL OF DESIGN,C83,DIPLOMA IN INDUSTRIAL DESIGN,FEMALE,28
2017,S1,SCHOOL OF DESIGN,C83,DIPLOMA IN INDUSTRIAL DESIGN,MALE,25
2017,S1,SCHOOL OF ENGINEERING,C39,AEROSPACE / ELECTRICAL / ELECTRONICS PROGRAMME,FEMALE,15
2017,S1,SCHOOL OF ENGINEERING,C39,AEROSPACE / ELECTRICAL / ELECTRONICS PROGRAMME,MALE,73
2017,S1,SCHOOL OF ENGINEERING,C40,AEROSPACE / MECHATRONICS PROGRAMME,FEMALE,13
2017,S1,SCHOOL OF ENGINEERING,C40,AEROSPACE / MECHATRONICS PROGRAMME,MALE,192
2017,S1,SCHOOL OF ENGINEERING,C41,DIPLOMA IN ENGINEERING WITH BUSINESS,FEMALE,32
2017,S1,SCHOOL OF ENGINEERING,C41,DIPLOMA IN ENGINEERING WITH BUSINESS,MALE,57
2017,S1,SCHOOL OF ENGINEERING,C42,COMMON ENGINEERING PROGRAMME,FEMALE,78
2017,S1,SCHOOL OF ENGINEERING,C42,COMMON ENGINEERING PROGRAMME,MALE,240
2017,S1,SCHOOL OF ENGINEERING,C48,DIPLOMA IN ELECTRICAL ENGINEERING WITH ECO-DESIGN,FEMALE,13
2017,S1,SCHOOL OF ENGINEERING,C48,DIPLOMA IN ELECTRICAL ENGINEERING WITH ECO-DESIGN,MALE,49
2017,S1,SCHOOL OF ENGINEERING,C50,DIPLOMA IN NANOTECHNOLOGY & MATERIALS SCIENCE,FEMALE,12
2017,S1,SCHOOL OF ENGINEERING,C50,DIPLOMA IN NANOTECHNOLOGY & MATERIALS SCIENCE,MALE,33
2017,S1,SCHOOL OF ENGINEERING,C51,DIPLOMA IN AERONAUTICAL & AEROSPACE TECHNOLOGY,FEMALE,7
2017,S1,SCHOOL OF ENGINEERING,C51,DIPLOMA IN AERONAUTICAL & AEROSPACE TECHNOLOGY,MALE,37
2017,S1,SCHOOL OF ENGINEERING,C52,DIPLOMA IN AEROSPACE SYSTEMS & MANAGEMENT,FEMALE,8
2017,S1,SCHOOL OF ENGINEERING,C52,DIPLOMA IN AEROSPACE SYSTEMS & MANAGEMENT,MALE,35
2017,S1,SCHOOL OF ENGINEERING,C53,DIPLOMA IN TELEMATICS & MEDIA TECHNOLOGY,FEMALE,8
2017,S1,SCHOOL OF ENGINEERING,C53,DIPLOMA IN TELEMATICS & MEDIA TECHNOLOGY,MALE,13
2017,S1,SCHOOL OF ENGINEERING,C62,DIPLOMA IN DIGITAL & PRECISION ENGINEERING,FEMALE,17
2017,S1,SCHOOL OF ENGINEERING,C62,DIPLOMA IN DIGITAL & PRECISION ENGINEERING,MALE,74
2017,S1,SCHOOL OF ENGINEERING,C71,DIPLOMA IN BIOMEDICAL ENGINEERING,FEMALE,24
2017,S1,SCHOOL OF ENGINEERING,C71,DIPLOMA IN BIOMEDICAL ENGINEERING,MALE,39
2017,S1,SCHOOL OF ENGINEERING,C75,DIPLOMA IN MULTIMEDIA & INFOCOMM TECHNOLOGY,FEMALE,70
2017,S1,SCHOOL OF ENGINEERING,C75,DIPLOMA IN MULTIMEDIA & INFOCOMM TECHNOLOGY,MALE,131
2017,S1,SCHOOL OF ENGINEERING,C89,DIPLOMA IN ELECTRONIC SYSTEMS,FEMALE,13
2017,S1,SCHOOL OF ENGINEERING,C89,DIPLOMA IN ELECTRONIC SYSTEMS,MALE,83
2017,S1,SCHOOL OF HEALTH & SOCIAL SCIENCES,C47,DIPLOMA IN SOCIAL SCIENCES (SOCIAL WORK),FEMALE,62
2017,S1,SCHOOL OF HEALTH & SOCIAL SCIENCES,C47,DIPLOMA IN SOCIAL SCIENCES (SOCIAL WORK),MALE,18
2017,S1,SCHOOL OF HEALTH & SOCIAL SCIENCES,C72,DIPLOMA IN ORAL HEALTH THERAPY,FEMALE,21
2017,S1,SCHOOL OF HEALTH & SOCIAL SCIENCES,C72,DIPLOMA IN ORAL HEALTH THERAPY,MALE,7
2017,S1,SCHOOL OF HEALTH & SOCIAL SCIENCES,C97,DIPLOMA IN NURSING,FEMALE,644
2017,S1,SCHOOL OF HEALTH & SOCIAL SCIENCES,C97,DIPLOMA IN NURSING,MALE,136
2017,S1,SCHOOL OF INFORMATION TECHNOLOGY,C43,DIPLOMA IN BUSINESS INTELLIGENCE & ANALYTICS,FEMALE,17
2017,S1,SCHOOL OF INFORMATION TECHNOLOGY,C43,DIPLOMA IN BUSINESS INTELLIGENCE & ANALYTICS,MALE,20
2017,S1,SCHOOL OF INFORMATION TECHNOLOGY,C54,DIPLOMA IN CYBER SECURITY & FORENSICS,FEMALE,8
2017,S1,SCHOOL OF INFORMATION TECHNOLOGY,C54,DIPLOMA IN CYBER SECURITY & FORENSICS,MALE,52
2017,S1,SCHOOL OF INFORMATION TECHNOLOGY,C58,DIPLOMA IN FINANCIAL INFORMATICS,FEMALE,35
2017,S1,SCHOOL OF INFORMATION TECHNOLOGY,C58,DIPLOMA IN FINANCIAL INFORMATICS,MALE,25
2017,S1,SCHOOL OF INFORMATION TECHNOLOGY,C68,DIPLOMA IN BUSINESS ENTERPRISE IT,FEMALE,11
2017,S1,SCHOOL OF INFORMATION TECHNOLOGY,C68,DIPLOMA IN BUSINESS ENTERPRISE IT,MALE,29
2017,S1,SCHOOL OF INFORMATION TECHNOLOGY,C78,DIPLOMA IN BUSINESS INFORMATICS,FEMALE,53
2017,S1,SCHOOL OF INFORMATION TECHNOLOGY,C78,DIPLOMA IN BUSINESS INFORMATICS,MALE,53
2017,S1,SCHOOL OF INFORMATION TECHNOLOGY,C80,DIPLOMA IN INFOCOMM AND SECURITY,FEMALE,31
2017,S1,SCHOOL OF INFORMATION TECHNOLOGY,C80,DIPLOMA IN INFOCOMM AND SECURITY,MALE,96
2017,S1,SCHOOL OF INFORMATION TECHNOLOGY,C85,DIPLOMA IN INFORMATION TECHNOLOGY,FEMALE,33
2017,S1,SCHOOL OF INFORMATION TECHNOLOGY,C85,DIPLOMA IN INFORMATION TECHNOLOGY,MALE,97
2017,S1,SCHOOL OF INTERACTIVE AND DIGITAL MEDIA,C57,DIPLOMA IN DIGITAL VISUAL EFFECTS,FEMALE,20
2017,S1,SCHOOL OF INTERACTIVE AND DIGITAL MEDIA,C57,DIPLOMA IN DIGITAL VISUAL EFFECTS,MALE,23
2017,S1,SCHOOL OF INTERACTIVE AND DIGITAL MEDIA,C59,DIPLOMA IN INTERACTION DESIGN,FEMALE,45
2017,S1,SCHOOL OF INTERACTIVE AND DIGITAL MEDIA,C59,DIPLOMA IN INTERACTION DESIGN,MALE,29
2017,S1,SCHOOL OF INTERACTIVE AND DIGITAL MEDIA,C60,DIPLOMA IN DIGITAL GAME ART & DESIGN,FEMALE,38
2017,S1,SCHOOL OF INTERACTIVE AND DIGITAL MEDIA,C60,DIPLOMA IN DIGITAL GAME ART & DESIGN,MALE,44
2017,S1,SCHOOL OF INTERACTIVE AND DIGITAL MEDIA,C61,DIPLOMA IN ANIMATION,FEMALE,59
2017,S1,SCHOOL OF INTERACTIVE AND DIGITAL MEDIA,C61,DIPLOMA IN ANIMATION,MALE,31
2017,S1,SCHOOL OF INTERACTIVE AND DIGITAL MEDIA,C66,DIPLOMA IN MOTION GRAPHICS & BROADCAST DESIGN,FEMALE,31
2017,S1,SCHOOL OF INTERACTIVE AND DIGITAL MEDIA,C66,DIPLOMA IN MOTION GRAPHICS & BROADCAST DESIGN,MALE,19
2017,S1,SCHOOL OF INTERACTIVE AND DIGITAL MEDIA,C70,DIPLOMA IN GAME DEVELOPMENT & TECHNOLOGY,FEMALE,4
2017,S1,SCHOOL OF INTERACTIVE AND DIGITAL MEDIA,C70,DIPLOMA IN GAME DEVELOPMENT & TECHNOLOGY,MALE,77
2018,S1,SCHOOL OF BUSINESS MANAGEMENT,C46,DIPLOMA IN FOOD & BEVERAGE BUSINESS,FEMALE,34
2018,S1,SCHOOL OF BUSINESS MANAGEMENT,C46,DIPLOMA IN FOOD & BEVERAGE BUSINESS,MALE,44
2018,S1,SCHOOL OF BUSINESS MANAGEMENT,C67,DIPLOMA IN HOSPITALITY & TOURISM MANAGEMENT,FEMALE,82
2018,S1,SCHOOL OF BUSINESS MANAGEMENT,C67,DIPLOMA IN HOSPITALITY & TOURISM MANAGEMENT,MALE,28
2018,S1,SCHOOL OF BUSINESS MANAGEMENT,C81,DIPLOMA IN SPORT & WELLNESS MANAGEMENT,FEMALE,20
2018,S1,SCHOOL OF BUSINESS MANAGEMENT,C81,DIPLOMA IN SPORT & WELLNESS MANAGEMENT,MALE,38
2018,S1,SCHOOL OF BUSINESS MANAGEMENT,C93,DIPLOMA IN MASS MEDIA MANAGEMENT,FEMALE,37
2018,S1,SCHOOL OF BUSINESS MANAGEMENT,C93,DIPLOMA IN MASS MEDIA MANAGEMENT,MALE,22
2018,S1,SCHOOL OF BUSINESS MANAGEMENT,C94,DIPLOMA IN BUSINESS MANAGEMENT,FEMALE,238
2018,S1,SCHOOL OF BUSINESS MANAGEMENT,C94,DIPLOMA IN BUSINESS MANAGEMENT,MALE,158
2018,S1,SCHOOL OF BUSINESS MANAGEMENT,C96,DIPLOMA IN BANKING & FINANCE,FEMALE,59
2018,S1,SCHOOL OF BUSINESS MANAGEMENT,C96,DIPLOMA IN BANKING & FINANCE,MALE,53
2018,S1,SCHOOL OF BUSINESS MANAGEMENT,C98,DIPLOMA IN ACCOUNTANCY & FINANCE,FEMALE,59
2018,S1,SCHOOL OF BUSINESS MANAGEMENT,C98,DIPLOMA IN ACCOUNTANCY & FINANCE,MALE,51
2018,S1,SCHOOL OF BUSINESS MANAGEMENT,C99,DIPLOMA IN MARKETING,FEMALE,44
2018,S1,SCHOOL OF BUSINESS MANAGEMENT,C99,DIPLOMA IN MARKETING,MALE,32
2018,S1,SCHOOL OF CHEMICAL & LIFE SCIENCES,C45,DIPLOMA IN MEDICINAL CHEMISTRY,FEMALE,22
2018,S1,SCHOOL OF CHEMICAL & LIFE SCIENCES,C45,DIPLOMA IN MEDICINAL CHEMISTRY,MALE,21
2018,S1,SCHOOL OF CHEMICAL & LIFE SCIENCES,C49,DIPLOMA IN BIOLOGICS & PROCESS TECHNOLOGY,FEMALE,24
2018,S1,SCHOOL OF CHEMICAL & LIFE SCIENCES,C49,DIPLOMA IN BIOLOGICS & PROCESS TECHNOLOGY,MALE,19
2018,S1,SCHOOL OF CHEMICAL & LIFE SCIENCES,C55,DIPLOMA IN CHEMICAL & GREEN TECHNOLOGY,FEMALE,24
2018,S1,SCHOOL OF CHEMICAL & LIFE SCIENCES,C55,DIPLOMA IN CHEMICAL & GREEN TECHNOLOGY,MALE,21
2018,S1,SCHOOL OF CHEMICAL & LIFE SCIENCES,C65,DIPLOMA IN PHARMACEUTICAL SCIENCES,FEMALE,67
2018,S1,SCHOOL OF CHEMICAL & LIFE SCIENCES,C65,DIPLOMA IN PHARMACEUTICAL SCIENCES,MALE,25
2018,S1,SCHOOL OF CHEMICAL & LIFE SCIENCES,C69,DIPLOMA IN FOOD SCIENCE & NUTRITION,FEMALE,54
2018,S1,SCHOOL OF CHEMICAL & LIFE SCIENCES,C69,DIPLOMA IN FOOD SCIENCE & NUTRITION,MALE,6
2018,S1,SCHOOL OF CHEMICAL & LIFE SCIENCES,C73,DIPLOMA IN CHEMICAL & PHARMACEUTICAL TECHNOLOGY,FEMALE,58
2018,S1,SCHOOL OF CHEMICAL & LIFE SCIENCES,C73,DIPLOMA IN CHEMICAL & PHARMACEUTICAL TECHNOLOGY,MALE,42
2018,S1,SCHOOL OF CHEMICAL & LIFE SCIENCES,C74,DIPLOMA IN MOLECULAR BIOTECHNOLOGY,FEMALE,33
2018,S1,SCHOOL OF CHEMICAL & LIFE SCIENCES,C74,DIPLOMA IN MOLECULAR BIOTECHNOLOGY,MALE,17
2018,S1,SCHOOL OF DESIGN,C38,DIPLOMA IN SUSTAINABLE ARCHITECTURAL DESIGN,FEMALE,26
2018,S1,SCHOOL OF DESIGN,C38,DIPLOMA IN SUSTAINABLE ARCHITECTURAL DESIGN,MALE,42
2018,S1,SCHOOL OF DESIGN,C63,DIPLOMA IN VISUAL COMMUNICATION,FEMALE,74
2018,S1,SCHOOL OF DESIGN,C63,DIPLOMA IN VISUAL COMMUNICATION,MALE,12
2018,S1,SCHOOL OF DESIGN,C64,DIPLOMA IN SPATIAL DESIGN,FEMALE,51
2018,S1,SCHOOL OF DESIGN,C64,DIPLOMA IN SPATIAL DESIGN,MALE,23
2018,S1,SCHOOL OF DESIGN,C83,DIPLOMA IN INDUSTRIAL DESIGN,FEMALE,18
2018,S1,SCHOOL OF DESIGN,C83,DIPLOMA IN INDUSTRIAL DESIGN,MALE,33
2018,S1,SCHOOL OF ENGINEERING,C39,AEROSPACE/ ELECTRICAL/ ELECTRONICS PROGRAMME,FEMALE,15
2018,S1,SCHOOL OF ENGINEERING,C39,AEROSPACE/ ELECTRICAL/ ELECTRONICS PROGRAMME,MALE,76
2018,S1,SCHOOL OF ENGINEERING,C40,AEROSPACE/MECHATRONICS PROGRAMME,FEMALE,18
2018,S1,SCHOOL OF ENGINEERING,C40,AEROSPACE/MECHATRONICS PROGRAMME,MALE,137
2018,S1,SCHOOL OF ENGINEERING,C41,DIPLOMA IN ENGINEERING WITH BUSINESS,FEMALE,37
2018,S1,SCHOOL OF ENGINEERING,C41,DIPLOMA IN ENGINEERING WITH BUSINESS,MALE,52
2018,S1,SCHOOL OF ENGINEERING,C42,COMMON ENGINEERING PROGRAMME,FEMALE,71
2018,S1,SCHOOL OF ENGINEERING,C42,COMMON ENGINEERING PROGRAMME,MALE,239
2018,S1,SCHOOL OF ENGINEERING,C48,DIPLOMA IN ELECTRICAL ENGINEERING WITH ECO-DESIGN,FEMALE,15
2018,S1,SCHOOL OF ENGINEERING,C48,DIPLOMA IN ELECTRICAL ENGINEERING WITH ECO-DESIGN,MALE,49
2018,S1,SCHOOL OF ENGINEERING,C50,DIPLOMA IN NANOTECHNOLOGY & MATERIALS SCIENCE,FEMALE,13
2018,S1,SCHOOL OF ENGINEERING,C50,DIPLOMA IN NANOTECHNOLOGY & MATERIALS SCIENCE,MALE,30
2018,S1,SCHOOL OF ENGINEERING,C51,DIPLOMA IN AERONAUTICAL & AEROSPACE TECHNOLOGY,FEMALE,2
2018,S1,SCHOOL OF ENGINEERING,C51,DIPLOMA IN AERONAUTICAL & AEROSPACE TECHNOLOGY,MALE,45
2018,S1,SCHOOL OF ENGINEERING,C52,DIPLOMA IN AEROSPACE SYSTEMS & MANAGEMENT,FEMALE,10
2018,S1,SCHOOL OF ENGINEERING,C52,DIPLOMA IN AEROSPACE SYSTEMS & MANAGEMENT,MALE,38
2018,S1,SCHOOL OF ENGINEERING,C62,DIPLOMA IN DIGITAL & PRECISION ENGINEERING,FEMALE,11
2018,S1,SCHOOL OF ENGINEERING,C62,DIPLOMA IN DIGITAL & PRECISION ENGINEERING,MALE,55
2018,S1,SCHOOL OF ENGINEERING,C71,DIPLOMA IN BIOMEDICAL ENGINEERING,FEMALE,15
2018,S1,SCHOOL OF ENGINEERING,C71,DIPLOMA IN BIOMEDICAL ENGINEERING,MALE,35
2018,S1,SCHOOL OF ENGINEERING,C75,DIPLOMA IN MULTIMEDIA & INFOCOMM TECHNOLOGY,FEMALE,83
2018,S1,SCHOOL OF ENGINEERING,C75,DIPLOMA IN MULTIMEDIA & INFOCOMM TECHNOLOGY,MALE,128
2018,S1,SCHOOL OF ENGINEERING,C87,DIPLOMA IN ROBOTICS & MECHATRONICS,FEMALE,3
2018,S1,SCHOOL OF ENGINEERING,C87,DIPLOMA IN ROBOTICS & MECHATRONICS,MALE,47
2018,S1,SCHOOL OF ENGINEERING,C89,DIPLOMA IN ELECTRONIC SYSTEMS,FEMALE,15
2018,S1,SCHOOL OF ENGINEERING,C89,DIPLOMA IN ELECTRONIC SYSTEMS,MALE,74
2018,S1,SCHOOL OF HEALTH & SOCIAL SCIENCES,C47,DIPLOMA IN SOCIAL SCIENCES (SOCIAL WORK),FEMALE,58
2018,S1,SCHOOL OF HEALTH & SOCIAL SCIENCES,C47,DIPLOMA IN SOCIAL SCIENCES (SOCIAL WORK),MALE,14
2018,S1,SCHOOL OF HEALTH & SOCIAL SCIENCES,C72,DIPLOMA IN ORAL HEALTH THERAPY,FEMALE,19
2018,S1,SCHOOL OF HEALTH & SOCIAL SCIENCES,C72,DIPLOMA IN ORAL HEALTH THERAPY,MALE,3
2018,S1,SCHOOL OF HEALTH & SOCIAL SCIENCES,C97,DIPLOMA IN NURSING,FEMALE,682
2018,S1,SCHOOL OF HEALTH & SOCIAL SCIENCES,C97,DIPLOMA IN NURSING,MALE,139
2018,S1,SCHOOL OF INFORMATION TECHNOLOGY,C43,DIPLOMA IN BUSINESS INTELLIGENCE & ANALYTICS,FEMALE,22
2018,S1,SCHOOL OF INFORMATION TECHNOLOGY,C43,DIPLOMA IN BUSINESS INTELLIGENCE & ANALYTICS,MALE,20
2018,S1,SCHOOL OF INFORMATION TECHNOLOGY,C54,DIPLOMA IN CYBER SECURITY & FORENSICS,FEMALE,17
2018,S1,SCHOOL OF INFORMATION TECHNOLOGY,C54,DIPLOMA IN CYBER SECURITY & FORENSICS,MALE,71
2018,S1,SCHOOL OF INFORMATION TECHNOLOGY,C58,DIPLOMA IN FINANCIAL INFORMATICS,FEMALE,30
2018,S1,SCHOOL OF INFORMATION TECHNOLOGY,C58,DIPLOMA IN FINANCIAL INFORMATICS,MALE,33
2018,S1,SCHOOL OF INFORMATION TECHNOLOGY,C78,DIPLOMA IN BUSINESS INFORMATICS,FEMALE,49
2018,S1,SCHOOL OF INFORMATION TECHNOLOGY,C78,DIPLOMA IN BUSINESS INFORMATICS,MALE,53
2018,S1,SCHOOL OF INFORMATION TECHNOLOGY,C80,DIPLOMA IN INFOCOMM AND SECURITY,FEMALE,27
2018,S1,SCHOOL OF INFORMATION TECHNOLOGY,C80,DIPLOMA IN INFOCOMM AND SECURITY,MALE,85
2018,S1,SCHOOL OF INFORMATION TECHNOLOGY,C85,DIPLOMA IN INFORMATION TECHNOLOGY,FEMALE,31
2018,S1,SCHOOL OF INFORMATION TECHNOLOGY,C85,DIPLOMA IN INFORMATION TECHNOLOGY,MALE,116
2018,S1,SCHOOL OF INTERACTIVE AND DIGITAL MEDIA,C57,DIPLOMA IN DIGITAL VISUAL EFFECTS,FEMALE,14
2018,S1,SCHOOL OF INTERACTIVE AND DIGITAL MEDIA,C57,DIPLOMA IN DIGITAL VISUAL EFFECTS,MALE,32
2018,S1,SCHOOL OF INTERACTIVE AND DIGITAL MEDIA,C59,DIPLOMA IN INTERACTION DESIGN,FEMALE,38
2018,S1,SCHOOL OF INTERACTIVE AND DIGITAL MEDIA,C59,DIPLOMA IN INTERACTION DESIGN,MALE,33
2018,S1,SCHOOL OF INTERACTIVE AND DIGITAL MEDIA,C60,DIPLOMA IN DIGITAL GAME ART & DESIGN,FEMALE,45
2018,S1,SCHOOL OF INTERACTIVE AND DIGITAL MEDIA,C60,DIPLOMA IN DIGITAL GAME ART & DESIGN,MALE,38
2018,S1,SCHOOL OF INTERACTIVE AND DIGITAL MEDIA,C61,DIPLOMA IN ANIMATION,FEMALE,66
2018,S1,SCHOOL OF INTERACTIVE AND DIGITAL MEDIA,C61,DIPLOMA IN ANIMATION,MALE,24
2018,S1,SCHOOL OF INTERACTIVE AND DIGITAL MEDIA,C66,DIPLOMA IN MOTION GRAPHICS & BROADCAST DESIGN,FEMALE,27
2018,S1,SCHOOL OF INTERACTIVE AND DIGITAL MEDIA,C66,DIPLOMA IN MOTION GRAPHICS & BROADCAST DESIGN,MALE,22
2018,S1,SCHOOL OF INTERACTIVE AND DIGITAL MEDIA,C70,DIPLOMA IN GAME DEVELOPMENT & TECHNOLOGY,FEMALE,4
2018,S1,SCHOOL OF INTERACTIVE AND DIGITAL MEDIA,C70,DIPLOMA IN GAME DEVELOPMENT & TECHNOLOGY,MALE,84
2019,S1,SCHOOL OF BUSINESS MANAGEMENT,C34,COMMON BUSINESS PROGRAMME,FEMALE,149
2019,S1,SCHOOL OF BUSINESS MANAGEMENT,C34,COMMON BUSINESS PROGRAMME,MALE,102
2019,S1,SCHOOL OF BUSINESS MANAGEMENT,C46,DIPLOMA IN FOOD & BEVERAGE BUSINESS,FEMALE,37
2019,S1,SCHOOL OF BUSINESS MANAGEMENT,C46,DIPLOMA IN FOOD & BEVERAGE BUSINESS,MALE,35
2019,S1,SCHOOL OF BUSINESS MANAGEMENT,C67,DIPLOMA IN HOSPITALITY & TOURISM MANAGEMENT,FEMALE,46
2019,S1,SCHOOL OF BUSINESS MANAGEMENT,C67,DIPLOMA IN HOSPITALITY & TOURISM MANAGEMENT,MALE,9
2019,S1,SCHOOL OF BUSINESS MANAGEMENT,C81,DIPLOMA IN SPORT & WELLNESS MANAGEMENT,FEMALE,15
2019,S1,SCHOOL OF BUSINESS MANAGEMENT,C81,DIPLOMA IN SPORT & WELLNESS MANAGEMENT,MALE,40
2019,S1,SCHOOL OF BUSINESS MANAGEMENT,C93,DIPLOMA IN MASS MEDIA MANAGEMENT,FEMALE,44
2019,S1,SCHOOL OF BUSINESS MANAGEMENT,C93,DIPLOMA IN MASS MEDIA MANAGEMENT,MALE,12
2019,S1,SCHOOL OF BUSINESS MANAGEMENT,C94,DIPLOMA IN BUSINESS MANAGEMENT,FEMALE,152
2019,S1,SCHOOL OF BUSINESS MANAGEMENT,C94,DIPLOMA IN BUSINESS MANAGEMENT,MALE,99
2019,S1,SCHOOL OF BUSINESS MANAGEMENT,C96,DIPLOMA IN BANKING & FINANCE,FEMALE,29
2019,S1,SCHOOL OF BUSINESS MANAGEMENT,C96,DIPLOMA IN BANKING & FINANCE,MALE,42
2019,S1,SCHOOL OF BUSINESS MANAGEMENT,C98,DIPLOMA IN ACCOUNTANCY & FINANCE,FEMALE,33
2019,S1,SCHOOL OF BUSINESS MANAGEMENT,C98,DIPLOMA IN ACCOUNTANCY & FINANCE,MALE,37
2019,S1,SCHOOL OF BUSINESS MANAGEMENT,C99,DIPLOMA IN MARKETING,FEMALE,28
2019,S1,SCHOOL OF BUSINESS MANAGEMENT,C99,DIPLOMA IN MARKETING,MALE,22
2019,S1,SCHOOL OF CHEMICAL & LIFE SCIENCES,C45,DIPLOMA IN MEDICINAL CHEMISTRY,FEMALE,22
2019,S1,SCHOOL OF CHEMICAL & LIFE SCIENCES,C45,DIPLOMA IN MEDICINAL CHEMISTRY,MALE,25
2019,S1,SCHOOL OF CHEMICAL & LIFE SCIENCES,C49,DIPLOMA IN BIOLOGICS & PROCESS TECHNOLOGY,FEMALE,25
2019,S1,SCHOOL OF CHEMICAL & LIFE SCIENCES,C49,DIPLOMA IN BIOLOGICS & PROCESS TECHNOLOGY,MALE,20
2019,S1,SCHOOL OF CHEMICAL & LIFE SCIENCES,C65,DIPLOMA IN PHARMACEUTICAL SCIENCE,FEMALE,54
2019,S1,SCHOOL OF CHEMICAL & LIFE SCIENCES,C65,DIPLOMA IN PHARMACEUTICAL SCIENCE,MALE,28
2019,S1,SCHOOL OF CHEMICAL & LIFE SCIENCES,C69,DIPLOMA IN FOOD SCIENCE & NUTRITION,FEMALE,40
2019,S1,SCHOOL OF CHEMICAL & LIFE SCIENCES,C69,DIPLOMA IN FOOD SCIENCE & NUTRITION,MALE,7
2019,S1,SCHOOL OF CHEMICAL & LIFE SCIENCES,C73,DIPLOMA IN CHEMICAL & PHARMACEUTICAL TECHNOLOGY,FEMALE,63
2019,S1,SCHOOL OF CHEMICAL & LIFE SCIENCES,C73,DIPLOMA IN CHEMICAL & PHARMACEUTICAL TECHNOLOGY,MALE,56
2019,S1,SCHOOL OF CHEMICAL & LIFE SCIENCES,C74,DIPLOMA IN MOLECULAR BIOTECHNOLOGY,FEMALE,28
2019,S1,SCHOOL OF CHEMICAL & LIFE SCIENCES,C74,DIPLOMA IN MOLECULAR BIOTECHNOLOGY,MALE,18
2019,S1,SCHOOL OF DESIGN,C38,DIPLOMA IN ARCHITECTURE,FEMALE,29
2019,S1,SCHOOL OF DESIGN,C38,DIPLOMA IN ARCHITECTURE,MALE,31
2019,S1,SCHOOL OF DESIGN,C63,DIPLOMA IN VISUAL COMMUNICATION,FEMALE,61
2019,S1,SCHOOL OF DESIGN,C63,DIPLOMA IN VISUAL COMMUNICATION,MALE,14
2019,S1,SCHOOL OF DESIGN,C64,DIPLOMA IN SPATIAL DESIGN,FEMALE,49
2019,S1,SCHOOL OF DESIGN,C64,DIPLOMA IN SPATIAL DESIGN,MALE,19
2019,S1,SCHOOL OF DESIGN,C83,DIPLOMA IN INDUSTRIAL DESIGN,FEMALE,24
2019,S1,SCHOOL OF DESIGN,C83,DIPLOMA IN INDUSTRIAL DESIGN,MALE,26
2019,S1,SCHOOL OF ENGINEERING,C39,AEROSPACE/ ELECTRICAL/ ELECTRONICS PROGRAMME,FEMALE,11
2019,S1,SCHOOL OF ENGINEERING,C39,AEROSPACE/ ELECTRICAL/ ELECTRONICS PROGRAMME,MALE,55
2019,S1,SCHOOL OF ENGINEERING,C40,AEROSPACE/MECHATRONICS PROGRAMME,FEMALE,18
2019,S1,SCHOOL OF ENGINEERING,C40,AEROSPACE/MECHATRONICS PROGRAMME,MALE,96
2019,S1,SCHOOL OF ENGINEERING,C41,DIPLOMA IN ENGINEERING WITH BUSINESS,FEMALE,28
2019,S1,SCHOOL OF ENGINEERING,C41,DIPLOMA IN ENGINEERING WITH BUSINESS,MALE,39
2019,S1,SCHOOL OF ENGINEERING,C42,COMMON ENGINEERING PROGRAMME,FEMALE,74
2019,S1,SCHOOL OF ENGINEERING,C42,COMMON ENGINEERING PROGRAMME,MALE,218
2019,S1,SCHOOL OF ENGINEERING,C48,DIPLOMA IN ELECTRICAL ENGINEERING WITH ECO-DESIGN,FEMALE,15
2019,S1,SCHOOL OF ENGINEERING,C48,DIPLOMA IN ELECTRICAL ENGINEERING WITH ECO-DESIGN,MALE,50
2019,S1,SCHOOL OF ENGINEERING,C50,DIPLOMA IN NANOTECHNOLOGY & MATERIALS SCIENCE,FEMALE,14
2019,S1,SCHOOL OF ENGINEERING,C50,DIPLOMA IN NANOTECHNOLOGY & MATERIALS SCIENCE,MALE,31
2019,S1,SCHOOL OF ENGINEERING,C51,DIPLOMA IN AERONAUTICAL & AEROSPACE TECHNOLOGY,FEMALE,1
2019,S1,SCHOOL OF ENGINEERING,C51,DIPLOMA IN AERONAUTICAL & AEROSPACE TECHNOLOGY,MALE,43
2019,S1,SCHOOL OF ENGINEERING,C52,DIPLOMA IN AEROSPACE SYSTEMS & MANAGEMENT,FEMALE,9
2019,S1,SCHOOL OF ENGINEERING,C52,DIPLOMA IN AEROSPACE SYSTEMS & MANAGEMENT,MALE,37
2019,S1,SCHOOL OF ENGINEERING,C62,DIPLOMA IN DIGITAL & PRECISION ENGINEERING,FEMALE,21
2019,S1,SCHOOL OF ENGINEERING,C62,DIPLOMA IN DIGITAL & PRECISION ENGINEERING,MALE,45
2019,S1,SCHOOL OF ENGINEERING,C71,DIPLOMA IN BIOMEDICAL ENGINEERING,FEMALE,16
2019,S1,SCHOOL OF ENGINEERING,C71,DIPLOMA IN BIOMEDICAL ENGINEERING,MALE,27
2019,S1,SCHOOL OF ENGINEERING,C75,DIPLOMA IN MULTIMEDIA & INFOCOMM TECHNOLOGY,FEMALE,77
2019,S1,SCHOOL OF ENGINEERING,C75,DIPLOMA IN MULTIMEDIA & INFOCOMM TECHNOLOGY,MALE,133
2019,S1,SCHOOL OF ENGINEERING,C87,DIPLOMA IN ROBOTICS & MECHATRONICS,FEMALE,8
2019,S1,SCHOOL OF ENGINEERING,C87,DIPLOMA IN ROBOTICS & MECHATRONICS,MALE,60
2019,S1,SCHOOL OF ENGINEERING,C89,DIPLOMA IN ELECTRONIC SYSTEMS,FEMALE,14
2019,S1,SCHOOL OF ENGINEERING,C89,DIPLOMA IN ELECTRONIC SYSTEMS,MALE,62
2019,S1,SCHOOL OF HEALTH & SOCIAL SCIENCES,C47,DIPLOMA IN SOCIAL SCIENCES (SOCIAL WORK),FEMALE,39
2019,S1,SCHOOL OF HEALTH & SOCIAL SCIENCES,C47,DIPLOMA IN SOCIAL SCIENCES (SOCIAL WORK),MALE,11
2019,S1,SCHOOL OF HEALTH & SOCIAL SCIENCES,C72,DIPLOMA IN ORAL HEALTH THERAPY,FEMALE,22
2019,S1,SCHOOL OF HEALTH & SOCIAL SCIENCES,C72,DIPLOMA IN ORAL HEALTH THERAPY,MALE,2
2019,S1,SCHOOL OF HEALTH & SOCIAL SCIENCES,C97,DIPLOMA IN NURSING,FEMALE,656
2019,S1,SCHOOL OF HEALTH & SOCIAL SCIENCES,C97,DIPLOMA IN NURSING,MALE,159
2019,S1,SCHOOL OF INFORMATION TECHNOLOGY,C35,DIPLOMA IN BUSINESS & FINANCIAL TECHNOLOGY,FEMALE,41
2019,S1,SCHOOL OF INFORMATION TECHNOLOGY,C35,DIPLOMA IN BUSINESS & FINANCIAL TECHNOLOGY,MALE,55
2019,S1,SCHOOL OF INFORMATION TECHNOLOGY,C36,COMMON ICT PROGRAMME,FEMALE,37
2019,S1,SCHOOL OF INFORMATION TECHNOLOGY,C36,COMMON ICT PROGRAMME,MALE,114
2019,S1,SCHOOL OF INFORMATION TECHNOLOGY,C43,DIPLOMA IN BUSINESS INTELLIGENCE & ANALYTICS,FEMALE,17
2019,S1,SCHOOL OF INFORMATION TECHNOLOGY,C43,DIPLOMA IN BUSINESS INTELLIGENCE & ANALYTICS,MALE,21
2019,S1,SCHOOL OF INFORMATION TECHNOLOGY,C54,DIPLOMA IN CYBERSECURITY & DIGITAL FORENSICS,FEMALE,14
2019,S1,SCHOOL OF INFORMATION TECHNOLOGY,C54,DIPLOMA IN CYBERSECURITY & DIGITAL FORENSICS,MALE,45
2019,S1,SCHOOL OF INFORMATION TECHNOLOGY,C80,DIPLOMA IN INFOCOMM & SECURITY,FEMALE,12
2019,S1,SCHOOL OF INFORMATION TECHNOLOGY,C80,DIPLOMA IN INFOCOMM & SECURITY,MALE,53
2019,S1,SCHOOL OF INFORMATION TECHNOLOGY,C85,DIPLOMA IN INFORMATION TECHNOLOGY,FEMALE,19
2019,S1,SCHOOL OF INFORMATION TECHNOLOGY,C85,DIPLOMA IN INFORMATION TECHNOLOGY,MALE,79
2019,S1,SCHOOL OF INTERACTIVE AND DIGITAL MEDIA,C57,DIPLOMA IN DIGITAL VISUAL EFFECTS,FEMALE,17
2019,S1,SCHOOL OF INTERACTIVE AND DIGITAL MEDIA,C57,DIPLOMA IN DIGITAL VISUAL EFFECTS,MALE,23
2019,S1,SCHOOL OF INTERACTIVE AND DIGITAL MEDIA,C59,DIPLOMA IN INTERACTION DESIGN,FEMALE,35
2019,S1,SCHOOL OF INTERACTIVE AND DIGITAL MEDIA,C59,DIPLOMA IN INTERACTION DESIGN,MALE,23
2019,S1,SCHOOL OF INTERACTIVE AND DIGITAL MEDIA,C60,DIPLOMA IN DIGITAL GAME ART & DESIGN,FEMALE,39
2019,S1,SCHOOL OF INTERACTIVE AND DIGITAL MEDIA,C60,DIPLOMA IN DIGITAL GAME ART & DESIGN,MALE,34
2019,S1,SCHOOL OF INTERACTIVE AND DIGITAL MEDIA,C61,DIPLOMA IN ANIMATION,FEMALE,63
2019,S1,SCHOOL OF INTERACTIVE AND DIGITAL MEDIA,C61,DIPLOMA IN ANIMATION,MALE,22
2019,S1,SCHOOL OF INTERACTIVE AND DIGITAL MEDIA,C66,DIPLOMA IN MOTION GRAPHICS & BROADCAST DESIGN,FEMALE,28
2019,S1,SCHOOL OF INTERACTIVE AND DIGITAL MEDIA,C66,DIPLOMA IN MOTION GRAPHICS & BROADCAST DESIGN,MALE,20
2019,S1,SCHOOL OF INTERACTIVE AND DIGITAL MEDIA,C70,DIPLOMA IN GAME DEVELOPMENT & TECHNOLOGY,FEMALE,14
2019,S1,SCHOOL OF INTERACTIVE AND DIGITAL MEDIA,C70,DIPLOMA IN GAME DEVELOPMENT & TECHNOLOGY,MALE,70
2020,S1,SCHOOL OF APPLIED SCIENCE,C45,DIPLOMA IN MEDICINAL CHEMISTRY,FEMALE,23
2020,S1,SCHOOL OF APPLIED SCIENCE,C45,DIPLOMA IN MEDICINAL CHEMISTRY,MALE,25
2020,S1,SCHOOL OF APPLIED SCIENCE,C49,DIPLOMA IN BIOLOGICS & PROCESS TECHNOLOGY,FEMALE,29
2020,S1,SCHOOL OF APPLIED SCIENCE,C49,DIPLOMA IN BIOLOGICS & PROCESS TECHNOLOGY,MALE,17
2020,S1,SCHOOL OF APPLIED SCIENCE,C65,DIPLOMA IN PHARMACEUTICAL SCIENCE,FEMALE,58
2020,S1,SCHOOL OF APPLIED SCIENCE,C65,DIPLOMA IN PHARMACEUTICAL SCIENCE,MALE,26
2020,S1,SCHOOL OF APPLIED SCIENCE,C69,DIPLOMA IN FOOD SCIENCE & NUTRITION,FEMALE,49
2020,S1,SCHOOL OF APPLIED SCIENCE,C69,DIPLOMA IN FOOD SCIENCE & NUTRITION,MALE,12
2020,S1,SCHOOL OF APPLIED SCIENCE,C73,DIPLOMA IN CHEMICAL & PHARMACEUTICAL TECHNOLOGY,FEMALE,50
2020,S1,SCHOOL OF APPLIED SCIENCE,C73,DIPLOMA IN CHEMICAL & PHARMACEUTICAL TECHNOLOGY,MALE,77
2020,S1,SCHOOL OF BUSINESS MANAGEMENT,C34,COMMON BUSINESS PROGRAMME,FEMALE,143
2020,S1,SCHOOL OF BUSINESS MANAGEMENT,C34,COMMON BUSINESS PROGRAMME,MALE,97
2020,S1,SCHOOL OF BUSINESS MANAGEMENT,C46,DIPLOMA IN FOOD & BEVERAGE BUSINESS,FEMALE,41
2020,S1,SCHOOL OF BUSINESS MANAGEMENT,C46,DIPLOMA IN FOOD & BEVERAGE BUSINESS,MALE,24
2020,S1,SCHOOL OF BUSINESS MANAGEMENT,C67,DIPLOMA IN HOSPITALITY & TOURISM MANAGEMENT,FEMALE,44
2020,S1,SCHOOL OF BUSINESS MANAGEMENT,C67,DIPLOMA IN HOSPITALITY & TOURISM MANAGEMENT,MALE,13
2020,S1,SCHOOL OF BUSINESS MANAGEMENT,C81,DIPLOMA IN SPORT & WELLNESS MANAGEMENT,FEMALE,16
2020,S1,SCHOOL OF BUSINESS MANAGEMENT,C81,DIPLOMA IN SPORT & WELLNESS MANAGEMENT,MALE,30
2020,S1,SCHOOL OF BUSINESS MANAGEMENT,C93,DIPLOMA IN MASS MEDIA MANAGEMENT,FEMALE,44
2020,S1,SCHOOL OF BUSINESS MANAGEMENT,C93,DIPLOMA IN MASS MEDIA MANAGEMENT,MALE,11
2020,S1,SCHOOL OF BUSINESS MANAGEMENT,C94,DIPLOMA IN BUSINESS MANAGEMENT,FEMALE,192
2020,S1,SCHOOL OF BUSINESS MANAGEMENT,C94,DIPLOMA IN BUSINESS MANAGEMENT,MALE,96
2020,S1,SCHOOL OF BUSINESS MANAGEMENT,C96,DIPLOMA IN BANKING AND FINANCE,FEMALE,31
2020,S1,SCHOOL OF BUSINESS MANAGEMENT,C96,DIPLOMA IN BANKING AND FINANCE,MALE,35
2020,S1,SCHOOL OF BUSINESS MANAGEMENT,C98,DIPLOMA IN ACCOUNTANCY & FINANCE,FEMALE,40
2020,S1,SCHOOL OF BUSINESS MANAGEMENT,C98,DIPLOMA IN ACCOUNTANCY & FINANCE,MALE,29
2020,S1,SCHOOL OF DESIGN,C38,DIPLOMA IN ARCHITECTURE,FEMALE,23
2020,S1,SCHOOL OF DESIGN,C38,DIPLOMA IN ARCHITECTURE,MALE,32
2020,S1,SCHOOL OF DESIGN,C63,DIPLOMA IN VISUAL COMMUNICATION,FEMALE,55
2020,S1,SCHOOL OF DESIGN,C63,DIPLOMA IN VISUAL COMMUNICATION,MALE,16
2020,S1,SCHOOL OF DESIGN,C64,DIPLOMA IN SPATIAL DESIGN,FEMALE,46
2020,S1,SCHOOL OF DESIGN,C64,DIPLOMA IN SPATIAL DESIGN,MALE,17
2020,S1,SCHOOL OF DESIGN,C83,DIPLOMA IN INDUSTRIAL DESIGN,FEMALE,26
2020,S1,SCHOOL OF DESIGN,C83,DIPLOMA IN INDUSTRIAL DESIGN,MALE,25
2020,S1,SCHOOL OF ENGINEERING,C41,DIPLOMA IN ENGINEERING WITH BUSINESS,FEMALE,16
2020,S1,SCHOOL OF ENGINEERING,C41,DIPLOMA IN ENGINEERING WITH BUSINESS,MALE,26
2020,S1,SCHOOL OF ENGINEERING,C42,COMMON ENGINEERING PROGRAMME,FEMALE,110
2020,S1,SCHOOL OF ENGINEERING,C42,COMMON ENGINEERING PROGRAMME,MALE,401
2020,S1,SCHOOL OF ENGINEERING,C50,DIPLOMA IN NANOTECHNOLOGY & MATERIALS SCIENCE,FEMALE,4
2020,S1,SCHOOL OF ENGINEERING,C50,DIPLOMA IN NANOTECHNOLOGY & MATERIALS SCIENCE,MALE,39
2020,S1,SCHOOL OF ENGINEERING,C51,DIPLOMA IN AERONAUTICAL & AEROSPACE TECHNOLOGY,FEMALE,5
2020,S1,SCHOOL OF ENGINEERING,C51,DIPLOMA IN AERONAUTICAL & AEROSPACE TECHNOLOGY,MALE,38
2020,S1,SCHOOL OF ENGINEERING,C52,DIPLOMA IN AEROSPACE SYSTEMS & MANAGEMENT,FEMALE,10
2020,S1,SCHOOL OF ENGINEERING,C52,DIPLOMA IN AEROSPACE SYSTEMS & MANAGEMENT,MALE,31
2020,S1,SCHOOL OF ENGINEERING,C62,DIPLOMA IN ADVANCED & DIGITAL MANUFACTURING,FEMALE,11
2020,S1,SCHOOL OF ENGINEERING,C62,DIPLOMA IN ADVANCED & DIGITAL MANUFACTURING,MALE,52
2020,S1,SCHOOL OF ENGINEERING,C71,DIPLOMA IN BIOMEDICAL ENGINEERING,FEMALE,14
2020,S1,SCHOOL OF ENGINEERING,C71,DIPLOMA IN BIOMEDICAL ENGINEERING,MALE,29
2020,S1,SCHOOL OF ENGINEERING,C75,DIPLOMA IN INFOCOMM & MEDIA ENGINEERING,FEMALE,49
2020,S1,SCHOOL OF ENGINEERING,C75,DIPLOMA IN INFOCOMM & MEDIA ENGINEERING,MALE,95
2020,S1,SCHOOL OF ENGINEERING,C87,DIPLOMA IN ROBOTICS & MECHATRONICS,FEMALE,7
2020,S1,SCHOOL OF ENGINEERING,C87,DIPLOMA IN ROBOTICS & MECHATRONICS,MALE,61
2020,S1,SCHOOL OF ENGINEERING,C89,DIPLOMA IN ELECTRONIC & COMPUTER ENGINEERING,FEMALE,15
2020,S1,SCHOOL OF ENGINEERING,C89,DIPLOMA IN ELECTRONIC & COMPUTER ENGINEERING,MALE,73
2020,S1,SCHOOL OF HEALTH & SOCIAL SCIENCES,C47,DIPLOMA IN SOCIAL SCIENCES (SOCIAL WORK),FEMALE,32
2020,S1,SCHOOL OF HEALTH & SOCIAL SCIENCES,C47,DIPLOMA IN SOCIAL SCIENCES (SOCIAL WORK),MALE,13
2020,S1,SCHOOL OF HEALTH & SOCIAL SCIENCES,C72,DIPLOMA IN ORAL HEALTH THERAPY,FEMALE,22
2020,S1,SCHOOL OF HEALTH & SOCIAL SCIENCES,C72,DIPLOMA IN ORAL HEALTH THERAPY,MALE,4
2020,S1,SCHOOL OF HEALTH & SOCIAL SCIENCES,C97,DIPLOMA IN NURSING,FEMALE,647
2020,S1,SCHOOL OF HEALTH & SOCIAL SCIENCES,C97,DIPLOMA IN NURSING,MALE,158
2020,S1,SCHOOL OF INFORMATION TECHNOLOGY,C35,DIPLOMA IN BUSINESS & FINANCIAL TECHNOLOGY,FEMALE,38
2020,S1,SCHOOL OF INFORMATION TECHNOLOGY,C35,DIPLOMA IN BUSINESS & FINANCIAL TECHNOLOGY,MALE,57
2020,S1,SCHOOL OF INFORMATION TECHNOLOGY,C36,COMMON ICT PROGRAMME,FEMALE,32
2020,S1,SCHOOL OF INFORMATION TECHNOLOGY,C36,COMMON ICT PROGRAMME,MALE,105
2020,S1,SCHOOL OF INFORMATION TECHNOLOGY,C43,DIPLOMA IN BUSINESS INTELLIGENCE & ANALYTICS,FEMALE,14
2020,S1,SCHOOL OF INFORMATION TECHNOLOGY,C43,DIPLOMA IN BUSINESS INTELLIGENCE & ANALYTICS,MALE,24
2020,S1,SCHOOL OF INFORMATION TECHNOLOGY,C54,DIPLOMA IN CYBERSECURITY & DIGITAL FORENSICS,FEMALE,8
2020,S1,SCHOOL OF INFORMATION TECHNOLOGY,C54,DIPLOMA IN CYBERSECURITY & DIGITAL FORENSICS,MALE,51
2020,S1,SCHOOL OF INFORMATION TECHNOLOGY,C80,DIPLOMA IN INFOCOMM & SECURITY,FEMALE,18
2020,S1,SCHOOL OF INFORMATION TECHNOLOGY,C80,DIPLOMA IN INFOCOMM & SECURITY,MALE,45
2020,S1,SCHOOL OF INFORMATION TECHNOLOGY,C85,DIPLOMA IN INFORMATION TECHNOLOGY,FEMALE,28
2020,S1,SCHOOL OF INFORMATION TECHNOLOGY,C85,DIPLOMA IN INFORMATION TECHNOLOGY,MALE,77
2020,S1,SCHOOL OF INTERACTIVE & DIGITAL MEDIA,C33,DIPLOMA IN ANIMATION & VISUAL EFFECTS,FEMALE,78
2020,S1,SCHOOL OF INTERACTIVE & DIGITAL MEDIA,C33,DIPLOMA IN ANIMATION & VISUAL EFFECTS,MALE,43
2020,S1,SCHOOL OF INTERACTIVE & DIGITAL MEDIA,C59,DIPLOMA IN INTERACTION DESIGN,FEMALE,35
2020,S1,SCHOOL OF INTERACTIVE & DIGITAL MEDIA,C59,DIPLOMA IN INTERACTION DESIGN,MALE,15
2020,S1,SCHOOL OF INTERACTIVE & DIGITAL MEDIA,C60,DIPLOMA IN DIGITAL GAME ART & DESIGN,FEMALE,52
2020,S1,SCHOOL OF INTERACTIVE & DIGITAL MEDIA,C60,DIPLOMA IN DIGITAL GAME ART & DESIGN,MALE,19
2020,S1,SCHOOL OF INTERACTIVE & DIGITAL MEDIA,C66,DIPLOMA IN MOTION GRAPHICS DESIGN,FEMALE,33
2020,S1,SCHOOL OF INTERACTIVE & DIGITAL MEDIA,C66,DIPLOMA IN MOTION GRAPHICS DESIGN,MALE,17
2020,S1,SCHOOL OF INTERACTIVE & DIGITAL MEDIA,C70,DIPLOMA IN GAME DEVELOPMENT & TECHNOLOGY,FEMALE,11
2020,S1,SCHOOL OF INTERACTIVE & DIGITAL MEDIA,C70,DIPLOMA IN GAME DEVELOPMENT & TECHNOLOGY,MALE,73
2021,S1,SCHOOL OF APPLIED SCIENCE,C45,DIPLOMA IN APPLIED CHEMISTRY,FEMALE,26
2021,S1,SCHOOL OF APPLIED SCIENCE,C45,DIPLOMA IN APPLIED CHEMISTRY,MALE,20
2021,S1,SCHOOL OF APPLIED SCIENCE,C49,DIPLOMA IN BIOLOGICS & PROCESS TECHNOLOGY,FEMALE,24
2021,S1,SCHOOL OF APPLIED SCIENCE,C49,DIPLOMA IN BIOLOGICS & PROCESS TECHNOLOGY,MALE,21
2021,S1,SCHOOL OF APPLIED SCIENCE,C65,DIPLOMA IN PHARMACEUTICAL SCIENCE,FEMALE,66
2021,S1,SCHOOL OF APPLIED SCIENCE,C65,DIPLOMA IN PHARMACEUTICAL SCIENCE,MALE,19
2021,S1,SCHOOL OF APPLIED SCIENCE,C69,DIPLOMA IN FOOD SCIENCE & NUTRITION,FEMALE,49
2021,S1,SCHOOL OF APPLIED SCIENCE,C69,DIPLOMA IN FOOD SCIENCE & NUTRITION,MALE,20
2021,S1,SCHOOL OF APPLIED SCIENCE,C73,DIPLOMA IN CHEMICAL & PHARMACEUTICAL TECHNOLOGY,FEMALE,63
2021,S1,SCHOOL OF APPLIED SCIENCE,C73,DIPLOMA IN CHEMICAL & PHARMACEUTICAL TECHNOLOGY,MALE,45
2021,S1,SCHOOL OF BUSINESS MANAGEMENT,C34,COMMON BUSINESS PROGRAMME,FEMALE,123
2021,S1,SCHOOL OF BUSINESS MANAGEMENT,C34,COMMON BUSINESS PROGRAMME,MALE,115
2021,S1,SCHOOL OF BUSINESS MANAGEMENT,C46,DIPLOMA IN FOOD & BEVERAGE BUSINESS,FEMALE,36
2021,S1,SCHOOL OF BUSINESS MANAGEMENT,C46,DIPLOMA IN FOOD & BEVERAGE BUSINESS,MALE,27
2021,S1,SCHOOL OF BUSINESS MANAGEMENT,C67,DIPLOMA IN HOSPITALITY & TOURISM MANAGEMENT,FEMALE,40
2021,S1,SCHOOL OF BUSINESS MANAGEMENT,C67,DIPLOMA IN HOSPITALITY & TOURISM MANAGEMENT,MALE,18
2021,S1,SCHOOL OF BUSINESS MANAGEMENT,C81,DIPLOMA IN SPORT & WELLNESS MANAGEMENT,FEMALE,17
2021,S1,SCHOOL OF BUSINESS MANAGEMENT,C81,DIPLOMA IN SPORT & WELLNESS MANAGEMENT,MALE,31
2021,S1,SCHOOL OF BUSINESS MANAGEMENT,C93,DIPLOMA IN MASS MEDIA MANAGEMENT,FEMALE,37
2021,S1,SCHOOL OF BUSINESS MANAGEMENT,C93,DIPLOMA IN MASS MEDIA MANAGEMENT,MALE,12
2021,S1,SCHOOL OF BUSINESS MANAGEMENT,C94,DIPLOMA IN BUSINESS MANAGEMENT,FEMALE,166
2021,S1,SCHOOL OF BUSINESS MANAGEMENT,C94,DIPLOMA IN BUSINESS MANAGEMENT,MALE,113
2021,S1,SCHOOL OF BUSINESS MANAGEMENT,C96,DIPLOMA IN BANKING AND FINANCE,FEMALE,28
2021,S1,SCHOOL OF BUSINESS MANAGEMENT,C96,DIPLOMA IN BANKING AND FINANCE,MALE,35
2021,S1,SCHOOL OF BUSINESS MANAGEMENT,C98,DIPLOMA IN ACCOUNTANCY & FINANCE,FEMALE,47
2021,S1,SCHOOL OF BUSINESS MANAGEMENT,C98,DIPLOMA IN ACCOUNTANCY & FINANCE,MALE,22
2021,S1,SCHOOL OF DESIGN,C38,DIPLOMA IN ARCHITECTURE,FEMALE,22
2021,S1,SCHOOL OF DESIGN,C38,DIPLOMA IN ARCHITECTURE,MALE,28
2021,S1,SCHOOL OF DESIGN,C63,DIPLOMA IN VISUAL COMMUNICATION,FEMALE,56
2021,S1,SCHOOL OF DESIGN,C63,DIPLOMA IN VISUAL COMMUNICATION,MALE,7
2021,S1,SCHOOL OF DESIGN & MEDIA,C32,DIPLOMA IN EXPERIENTIAL PRODUCT & INTERIOR DESIGN,FEMALE,67
2021,S1,SCHOOL OF DESIGN & MEDIA,C32,DIPLOMA IN EXPERIENTIAL PRODUCT & INTERIOR DESIGN,MALE,37
2021,S1,SCHOOL OF ENGINEERING,C41,DIPLOMA IN ENGINEERING WITH BUSINESS,FEMALE,18
2021,S1,SCHOOL OF ENGINEERING,C41,DIPLOMA IN ENGINEERING WITH BUSINESS,MALE,24
2021,S1,SCHOOL OF ENGINEERING,C42,COMMON ENGINEERING PROGRAMME,FEMALE,116
2021,S1,SCHOOL OF ENGINEERING,C42,COMMON ENGINEERING PROGRAMME,MALE,386
2021,S1,SCHOOL OF ENGINEERING,C50,DIPLOMA IN NANOTECHNOLOGY & MATERIALS SCIENCE,FEMALE,11
2021,S1,SCHOOL OF ENGINEERING,C50,DIPLOMA IN NANOTECHNOLOGY & MATERIALS SCIENCE,MALE,28
2021,S1,SCHOOL OF ENGINEERING,C51,DIPLOMA IN AERONAUTICAL & AEROSPACE TECHNOLOGY,FEMALE,5
2021,S1,SCHOOL OF ENGINEERING,C51,DIPLOMA IN AERONAUTICAL & AEROSPACE TECHNOLOGY,MALE,34
2021,S1,SCHOOL OF ENGINEERING,C52,DIPLOMA IN AEROSPACE SYSTEMS & MANAGEMENT,FEMALE,7
2021,S1,SCHOOL OF ENGINEERING,C52,DIPLOMA IN AEROSPACE SYSTEMS & MANAGEMENT,MALE,31
2021,S1,SCHOOL OF ENGINEERING,C62,DIPLOMA IN ADVANCED & DIGITAL MANUFACTURING,FEMALE,11
2021,S1,SCHOOL OF ENGINEERING,C62,DIPLOMA IN ADVANCED & DIGITAL MANUFACTURING,MALE,50
2021,S1,SCHOOL OF ENGINEERING,C71,DIPLOMA IN BIOMEDICAL ENGINEERING,FEMALE,21
2021,S1,SCHOOL OF ENGINEERING,C71,DIPLOMA IN BIOMEDICAL ENGINEERING,MALE,20
2021,S1,SCHOOL OF ENGINEERING,C75,DIPLOMA IN INFOCOMM & MEDIA ENGINEERING,FEMALE,39
2021,S1,SCHOOL OF ENGINEERING,C75,DIPLOMA IN INFOCOMM & MEDIA ENGINEERING,MALE,96
2021,S1,SCHOOL OF ENGINEERING,C87,DIPLOMA IN ROBOTICS & MECHATRONICS,FEMALE,12
2021,S1,SCHOOL OF ENGINEERING,C87,DIPLOMA IN ROBOTICS & MECHATRONICS,MALE,53
2021,S1,SCHOOL OF ENGINEERING,C89,DIPLOMA IN ELECTRONIC & COMPUTER ENGINEERING,FEMALE,10
2021,S1,SCHOOL OF ENGINEERING,C89,DIPLOMA IN ELECTRONIC & COMPUTER ENGINEERING,MALE,71
2021,S1,SCHOOL OF HEALTH & SOCIAL SCIENCES,C47,DIPLOMA IN SOCIAL WORK,FEMALE,43
2021,S1,SCHOOL OF HEALTH & SOCIAL SCIENCES,C47,DIPLOMA IN SOCIAL WORK,MALE,4
2021,S1,SCHOOL OF HEALTH & SOCIAL SCIENCES,C72,DIPLOMA IN ORAL HEALTH THERAPY,FEMALE,23
2021,S1,SCHOOL OF HEALTH & SOCIAL SCIENCES,C72,DIPLOMA IN ORAL HEALTH THERAPY,MALE,1
2021,S1,SCHOOL OF HEALTH & SOCIAL SCIENCES,C97,DIPLOMA IN NURSING,FEMALE,604
2021,S1,SCHOOL OF HEALTH & SOCIAL SCIENCES,C97,DIPLOMA IN NURSING,MALE,188
2021,S1,SCHOOL OF INFORMATION TECHNOLOGY,C35,DIPLOMA IN BUSINESS & FINANCIAL TECHNOLOGY,FEMALE,34
2021,S1,SCHOOL OF INFORMATION TECHNOLOGY,C35,DIPLOMA IN BUSINESS & FINANCIAL TECHNOLOGY,MALE,48
2021,S1,SCHOOL OF INFORMATION TECHNOLOGY,C36,COMMON ICT PROGRAMME,FEMALE,42
2021,S1,SCHOOL OF INFORMATION TECHNOLOGY,C36,COMMON ICT PROGRAMME,MALE,104
2021,S1,SCHOOL OF INFORMATION TECHNOLOGY,C43,DIPLOMA IN BUSINESS INTELLIGENCE & ANALYTICS,FEMALE,23
2021,S1,SCHOOL OF INFORMATION TECHNOLOGY,C43,DIPLOMA IN BUSINESS INTELLIGENCE & ANALYTICS,MALE,33
2021,S1,SCHOOL OF INFORMATION TECHNOLOGY,C54,DIPLOMA IN CYBERSECURITY & DIGITAL FORENSICS,FEMALE,10
2021,S1,SCHOOL OF INFORMATION TECHNOLOGY,C54,DIPLOMA IN CYBERSECURITY & DIGITAL FORENSICS,MALE,63
2021,S1,SCHOOL OF INFORMATION TECHNOLOGY,C80,DIPLOMA IN INFOCOMM & SECURITY,FEMALE,12
2021,S1,SCHOOL OF INFORMATION TECHNOLOGY,C80,DIPLOMA IN INFOCOMM & SECURITY,MALE,51
2021,S1,SCHOOL OF INFORMATION TECHNOLOGY,C85,DIPLOMA IN INFORMATION TECHNOLOGY,FEMALE,20
2021,S1,SCHOOL OF INFORMATION TECHNOLOGY,C85,DIPLOMA IN INFORMATION TECHNOLOGY,MALE,78
2021,S1,SCHOOL OF INTERACTIVE & DIGITAL MEDIA,C33,DIPLOMA IN ANIMATION & VISUAL EFFECTS,FEMALE,75
2021,S1,SCHOOL OF INTERACTIVE & DIGITAL MEDIA,C33,DIPLOMA IN ANIMATION & VISUAL EFFECTS,MALE,39
2021,S1,SCHOOL OF INTERACTIVE & DIGITAL MEDIA,C59,DIPLOMA IN INTERACTION DESIGN,FEMALE,29
2021,S1,SCHOOL OF INTERACTIVE & DIGITAL MEDIA,C59,DIPLOMA IN INTERACTION DESIGN,MALE,21
2021,S1,SCHOOL OF INTERACTIVE & DIGITAL MEDIA,C60,DIPLOMA IN DIGITAL GAME ART & DESIGN,FEMALE,46
2021,S1,SCHOOL OF INTERACTIVE & DIGITAL MEDIA,C60,DIPLOMA IN DIGITAL GAME ART & DESIGN,MALE,19
2021,S1,SCHOOL OF INTERACTIVE & DIGITAL MEDIA,C66,DIPLOMA IN MOTION GRAPHICS DESIGN,FEMALE,33
2021,S1,SCHOOL OF INTERACTIVE & DIGITAL MEDIA,C66,DIPLOMA IN MOTION GRAPHICS DESIGN,MALE,16
2021,S1,SCHOOL OF INTERACTIVE & DIGITAL MEDIA,C70,DIPLOMA IN GAME DEVELOPMENT & TECHNOLOGY,FEMALE,12
2021,S1,SCHOOL OF INTERACTIVE & DIGITAL MEDIA,C70,DIPLOMA IN GAME DEVELOPMENT & TECHNOLOGY,MALE,72
